7 Z: 0.99)
LSM6DSO | Gyro: (X: -67.18 Y: -8.98 Z: 37.20) | Accl: (X: 0.25 Y: -0.51 Z: 0.97)
LSM6DSO | Gyro: (X: -68.59 Y: -4.49 Z: 37.62) | Accl: (X: 0.24 Y: -0.52 Z: 1.01)
LSM6DSO | Gyro: (X: -28.67 Y: 2.19 Z: 29.53) | Accl: (X: 0.27 Y: -0.58 Z: 1.05)
LSM6DSO | Gyro: (X: -24.39 Y: 2.23 Z: 25.80) | Accl: (X: 0.29 Y: -0.56 Z: 1.00)
LSM6DSO | Gyro: (X: -22.89 Y: 4.60 Z: 20.68) | Accl: (X: 0.31 Y: -0.54 Z: 0.97)
LSM6DSO | Gyro: (X: -12.77 Y: 3.53 Z: -9.35) | Accl: (X: 0.12 Y: -0.57 Z: 1.07)
LSM6DSO | Gyro: (X: -6.17 Y: 3.16 Z: -7.66) | Accl: (X: 0.07 Y: -0.57 Z: 1.08)
LSM6DSO | Gyro: (X: 2.59 Y: 0.17 Z: -4.37) | Accl: (X: 0.06 Y: -0.58 Z: 1.07)
LSM6DSO | Gyro: (X: 46.91 Y: -14.48 Z: -19.11) | Accl: (X: 0.32 Y: -0.60 Z: 1.27)
LSM6DSO | Gyro: (X: 66.24 Y: -17.53 Z: -31.94) | Accl: (X: 0.34 Y: -0.62 Z: 1.23)
LSM6DSO | Gyro: (X: 79.28 Y: -23.28 Z: -42.17) | Accl: (X: 0.33 Y: -0.61 Z: 1.21)
LSM6DSO | Gyro: (X: 151.78 Y: -53.72 Z: -77.42) | Accl: (X: 0.23 Y: -0.53 Z: 1.30)
LSM6DSO | Gyro: (X: 163.70 Y: -53.65 Z: -78.51) | Accl: (X: 0.20 Y: -0.50 Z: 1.26)
LSM6DSO | Gyro: (X: 181.24 Y: -60.14 Z: -80.48) | Accl: (X: 0.18 Y: -0.44 Z: 1.25)
LSM6DSO | Gyro: (X: 193.39 Y: -96.85 Z: -76.10) | Accl: (X: 0.28 Y: -0.11 Z: 0.73)
LSM6DSO | Gyro: (X: 177.68 Y: -72.81 Z: -75.82) | Accl: (X: 0.28 Y: 0.01 Z: 0.73)
LSM6DSO | Gyro: (X: 173.25 Y: -54.57 Z: -72.51) | Accl: (X: 0.22 Y: 0.16 Z: 0.68)
LSM6DSO | Gyro: (X: 89.29 Y: -17.25 Z: -23.47) | Accl: (X: 0.23 Y: 0.39 Z: 0.68)
LSM6DSO | Gyro: (X: 77.69 Y: -17.43 Z: -16.62) | Accl: (X: 0.26 Y: 0.30 Z: 0.69)
LSM6DSO | Gyro: (X: 64.50 Y: -20.48 Z: -14.23) | Accl: (X: 0.36 Y: 0.31 Z: 0.87)
LSM6DSO | Gyro: (X: 86.73 Y: -21.11 Z: -28.71) | Accl: (X: 0.39 Y: 0.50 Z: 0.75)
LSM6DSO | Gyro: (X: 78.50 Y: -25.67 Z: -27.21) | Accl: (X: 0.35 Y: 0.48 Z: 0.61)
LSM6DSO | Gyro: (X: 65.54 Y: -19.92 Z: -23.02) | Accl: (X: 0.38 Y: 0.48 Z: 0.62)
LSM6DSO | Gyro: (X: 50.66 Y: -4.15 Z: -19.16) | Accl: (X: 0.35 Y: 0.57 Z: 0.67)
LSM6DSO | Gyro: (X: 46.63 Y: 0.84 Z: -15.09) | Accl: (X: 0.34 Y: 0.57 Z: 0.62)
LSM6DSO | Gyro: (X: 37.62 Y: 1.65 Z: -9.06) | Accl: (X: 0.34 Y: 0.59 Z: 0.58)
LSM6DSO | Gyro: (X: 24.89 Y: -1.81 Z: -5.41) | Accl: (X: 0.41 Y: 0.60 Z: 0.71)
LSM6DSO | Gyro: (X: 26.40 Y: -0.35 Z: -5.99) | Accl: (X: 0.40 Y: 0.61 Z: 0.66)
LSM6DSO | Gyro: (X: 23.36 Y: -3.62 Z: -6.22) | Accl: (X: 0.40 Y: 0.63 Z: 0.62)
LSM6DSO | Gyro: (X: -16.35 Y: 12.34 Z: 3.07) | Accl: (X: 0.33 Y: 0.65 Z: 0.59)
LSM6DSO | Gyro: (X: -20.21 Y: 19.64 Z: 8.26) | Accl: (X: 0.31 Y: 0.65 Z: 0.59)
LSM6DSO | Gyro: (X: -24.96 Y: 28.17 Z: 14.87) | Accl: (X: 0.30 Y: 0.66 Z: 0.56)
LSM6DSO | Gyro: (X: -85.16 Y: 42.19 Z: 25.95) | Accl: (X: 0.34 Y: 0.57 Z: 0.56)
LSM6DSO | Gyro: (X: -102.35 Y: 40.73 Z: 22.50) | Accl: (X: 0.36 Y: 0.47 Z: 0.60)
LSM6DSO | Gyro: (X: -112.34 Y: 49.88 Z: 19.81) | Accl: (X: 0.35 Y: 0.47 Z: 0.69)
LSM6DSO | Gyro: (X: -121.52 Y: 27.58 Z: 10.62) | Accl: (X: 0.30 Y: 0.27 Z: 0.71)
LSM6DSO | Gyro: (X: -129.69 Y: 39.08 Z: 12.60) | Accl: (X: 0.28 Y: 0.24 Z: 0.84)
LSM6DSO | Gyro: (X: -125.89 Y: 46.59 Z: 12.73) | Accl: (X: 0.27 Y: 0.27 Z: 0.90)
LSM6DSO | Gyro: (X: -147.14 Y: 41.84 Z: 11.03) | Accl: (X: 0.23 Y: 0.11 Z: 0.81)
LSM6DSO | Gyro: (X: -149.21 Y: 44.41 Z: 11.99) | Accl: (X: 0.23 Y: 0.05 Z: 0.90)
LSM6DSO | Gyro: (X: -149.19 Y: 47.43 Z: 11.19) | Accl: (X: 0.18 Y: 0.02 Z: 0.95)
LSM6DSO | Gyro: (X: -145.73 Y: 59.26 Z: 14.96) | Accl: (X: 0.12 Y: -0.07 Z: 1.05)
LSM6DSO | Gyro: (X: -130.59 Y: 45.03 Z: 32.49) | Accl: (X: -0.02 Y: -0.19 Z: 1.01)
LSM6DSO | Gyro: (X: -129.66 Y: 33.42 Z: 38.66) | Accl: (X: -0.00 Y: -0.19 Z: 1.00)
LSM6DSO | Gyro: (X: -127.82 Y: 34.91 Z: 47.01) | Accl: (X: 0.06 Y: -0.25 Z: 1.04)
LSM6DSO | Gyro: (X: -116.65 Y: 13.00 Z: 40.35) | Accl: (X: 0.05 Y: -0.43 Z: 0.94)
LSM6DSO | Gyro: (X: -107.49 Y: 17.33 Z: 41.12) | Accl: (X: 0.07 Y: -0.50 Z: 0.98)
LSM6DSO | Gyro: (X: -105.13 Y: 16.91 Z: 37.17) | Accl: (X: 0.10 Y: -0.51 Z: 1.08)
LSM6DSO | Gyro: (X: -37.21 Y: -4.69 Z: 1.77) | Accl: (X: 0.10 Y: -0.60 Z: 1.02)
LSM6DSO | Gyro: (X: -35.28 Y: -9.05 Z: 0.36) | Accl: (X: 0.06 Y: -0.61 Z: 0.96)
LSM6DSO | Gyro: (X: -35.53 Y: -12.62 Z: 1.83) | Accl: (X: 0.03 Y: -0.63 Z: 0.96)
LSM6DSO | Gyro: (X: -6.15 Y: -9.91 Z: 12.77) | Accl: (X: 0.05 Y: -0.70 Z: 1.06)
LSM6DSO | Gyro: (X: 1.06 Y: -8.30 Z: 14.55) | Accl: (X: 0.08 Y: -0.69 Z: 1.00)
LSM6DSO | Gyro: (X: 5.30 Y: -10.18 Z: 13.09) | Accl: (X: 0.11 Y: -0.68 Z: 0.97)
LSM6DSO | Gyro: (X: 18.73 Y: -24.74 Z: -9.25) | Accl: (X: 0.13 Y: -0.62 Z: 0.96)
LSM6DSO | Gyro: (X: 22.44 Y: -30.48 Z: -12.05) | Accl: (X: 0.12 Y: -0.61 Z: 1.01)
LSM6DSO | Gyro: (X: 31.11 Y: -29.98 Z: -12.03) | Accl: (X: 0.12 Y: -0.63 Z: 1.03)
LSM6DSO | Gyro: (X: 87.75 Y: -68.68 Z: -15.38) | Accl: (X: 0.13 Y: -0.55 Z: 1.07)
LSM6DSO | Gyro: (X: 95.57 Y: -81.91 Z: -13.40) | Accl: (X: 0.14 Y: -0.51 Z: 0.94)
LSM6DSO | Gyro: (X: 91.74 Y: -94.64 Z: -18.37) | Accl: (X: 0.20 Y: -0.47 Z: 0.93)
LSM6DSO | Gyro: (X: 118.02 Y: -31.28 Z: -69.33) | Accl: (X: 0.42 Y: -0.35 Z: 1.12)
LSM6DSO | Gyro: (X: 125.47 Y: -39.53 Z: -79.42) | Accl: (X: 0.32 Y: -0.35 Z: 0.99)
LSM6DSO | Gyro: (X: 119.15 Y: -52.24 Z: -79.06) | Accl: (X: 0.26 Y: -0.33 Z: 0.92)
LSM6DSO | Gyro: (X: 106.22 Y: -72.98 Z: -58.05) | Accl: (X: 0.27 Y: -0.05 Z: 0.88)
LSM6DSO | Gyro: (X: 98.36 Y: -73.78 Z: -54.15) | Accl: (X: 0.30 Y: -0.05 Z: 0.82)
LSM6DSO | Gyro: (X: 88.13 Y: -60.69 Z: -47.35) | Accl: (X: 0.32 Y: -0.17 Z: 0.77)
LSM6DSO | Gyro: (X: 61.96 Y: -32.80 Z: -52.24) | Accl: (X: 0.42 Y: -0.01 Z: 0.94)
LSM6DSO | Gyro: (X: 73.91 Y: -33.12 Z: -50.99) | Accl: (X: 0.36 Y: 0.10 Z: 0.92)
LSM6DSO | Gyro: (X: 72.53 Y: -21.81 Z: -41.19) | Accl: (X: 0.37 Y: 0.07 Z: 0.83)
LSM6DSO | Gyro: (X: 60.56 Y: -23.76 Z: -37.62) | Accl: (X: 0.51 Y: 0.20 Z: 0.84)
LSM6DSO | Gyro: (X: 59.91 Y: -23.82 Z: -39.08) | Accl: (X: 0.48 Y: 0.25 Z: 0.78)
LSM6DSO | Gyro: (X: 53.53 Y: -15.93 Z: -35.74) | Accl: (X: 0.46 Y: 0.28 Z: 0.70)
LSM6DSO | Gyro: (X: 21.57 Y: 0.58 Z: -7.38) | Accl: (X: 0.36 Y: 0.30 Z: 0.79)
LSM6DSO | Gyro: (X: 20.17 Y: 5.61 Z: 0.07) | Accl: (X: 0.37 Y: 0.29 Z: 0.78)
LSM6DSO | Gyro: (X: 18.86 Y: 6.15 Z: 4.87) | Accl: (X: 0.43 Y: 0.33 Z: 0.80)
LSM6DSO | Gyro: (X: 4.63 Y: -6.64 Z: -2.09) | Accl: (X: 0.47 Y: 0.33 Z: 0.77)
LSM6DSO | Gyro: (X: -0.17 Y: -7.54 Z: -1.50) | Accl: (X: 0.46 Y: 0.34 Z: 0.79)
LSM6DSO | Gyro: (X: -0.13 Y: -2.59 Z: 0.59) | Accl: (X: 0.48 Y: 0.34 Z: 0.83)
LSM6DSO | Gyro: (X: -4.31 Y: 0.18 Z: 4.23) | Accl: (X: 0.48 Y: 0.33 Z: 0.79)
LSM6DSO | Gyro: (X: -5.22 Y: 4.51 Z: 5.14) | Accl: (X: 0.47 Y: 0.32 Z: 0.79)
LSM6DSO | Gyro: (X: -6.09 Y: 5.17 Z: 5.73) | Accl: (X: 0.46 Y: 0.31 Z: 0.79)
LSM6DSO | Gyro: (X: -8.80 Y: -1.76 Z: 7.66) | Accl: (X: 0.46 Y: 0.30 Z: 0.85)
LSM6DSO | Gyro: (X: -2.92 Y: 1.04 Z: 9.76) | Accl: (X: 0.50 Y: 0.29 Z: 0.78)
LSM6DSO | Gyro: (X: -8.53 Y: -3.18 Z: 8.24) | Accl: (X: 0.52 Y: 0.29 Z: 0.73)
LSM6DSO | Gyro: (X: -18.06 Y: -10.19 Z: 5.22) | Accl: (X: 0.54 Y: 0.27 Z: 0.72)
LSM6DSO | Gyro: (X: -23.95 Y: -28.01 Z: -12.32) | Accl: (X: 0.54 Y: 0.21 Z: 0.91)
LSM6DSO | Gyro: (X: -22.20 Y: -42.32 Z: -15.31) | Accl: (X: 0.55 Y: 0.22 Z: 0.89)
LSM6DSO | Gyro: (X: -21.42 Y: -50.06 Z: -18.95) | Accl: (X: 0.52 Y: 0.21 Z: 0.84)
LSM6DSO | Gyro: (X: -45.99 Y: -119.24 Z: -39.52) | Accl: (X: 0.71 Y: 0.21 Z: 0.79)
LSM6DSO | Gyro: (X: -49.38 Y: -133.98 Z: -49.47) | Accl: (X: 0.76 Y: 0.18 Z: 0.76)
LSM6DSO | Gyro: (X: -52.91 Y: -144.08 Z: -59.40) | Accl: (X: 0.72 Y: 0.17 Z: 0.77)
LSM6DSO | Gyro: (X: -35.88 Y: -94.05 Z: -49.67) | Accl: (X: 0.69 Y: 0.20 Z: 0.75)
LSM6DSO | Gyro: (X: -33.01 Y: -90.36 Z: -46.60) | Accl: (X: 0.71 Y: 0.19 Z: 0.68)
LSM6DSO | Gyro: (X: -34.60 Y: -88.81 Z: -43.59) | Accl: (X: 0.75 Y: 0.22 Z: 0.65)
LSM6DSO | Gyro: (X: -32.70 Y: -100.75 Z: -52.89) | Accl: (X: 0.85 Y: 0.24 Z: 0.64)
LSM6DSO | Gyro: (X: -30.17 Y: -101.22 Z: -51.62) | Accl: (X: 0.83 Y: 0.20 Z: 0.60)
LSM6DSO | Gyro: (X: -27.41 Y: -86.85 Z: -48.19) | Accl: (X: 0.89 Y: 0.20 Z: 0.61)
LSM6DSO | Gyro: (X: -7.25 Y: -24.69 Z: -18.17) | Accl: (X: 0.75 Y: 0.28 Z: 0.52)
LSM6DSO | Gyro: (X: -8.58 Y: -24.77 Z: -14.30) | Accl: (X: 0.80 Y: 0.30 Z: 0.48)
LSM6DSO | Gyro: (X: -10.74 Y: -30.56 Z: -14.21) | Accl: (X: 0.83 Y: 0.27 Z: 0.47)
LSM6DSO | Gyro: (X: 1.01 Y: -10.80 Z: -16.54) | Accl: (X: 0.81 Y: 0.28 Z: 0.51)
LSM6DSO | Gyro: (X: 1.95 Y: -12.59 Z: -12.95) | Accl: (X: 0.79 Y: 0.28 Z: 0.49)
LSM6DSO | Gyro: (X: 3.66 Y: -3.12 Z: -5.73) | Accl: (X: 0.78 Y: 0.29 Z: 0.46)
LSM6DSO | Gyro: (X: 13.08 Y: 44.76 Z: 17.92) | Accl: (X: 0.86 Y: 0.28 Z: 0.53)
LSM6DSO | Gyro: (X: 18.40 Y: 68.64 Z: 25.88) | Accl: (X: 0.82 Y: 0.29 Z: 0.53)
LSM6DSO | Gyro: (X: 25.43 Y: 100.54 Z: 38.40) | Accl: (X: 0.75 Y: 0.29 Z: 0.53)
LSM6DSO | Gyro: (X: 29.94 Y: 140.50 Z: 64.31) | Accl: (X: 0.70 Y: 0.30 Z: 0.49)
LSM6DSO | Gyro: (X: 20.10 Y: 162.01 Z: 83.56) | Accl: (X: 0.76 Y: 0.22 Z: 0.64)
LSM6DSO | Gyro: (X: 19.42 Y: 172.86 Z: 85.30) | Accl: (X: 0.75 Y: 0.20 Z: 0.72)
LSM6DSO | Gyro: (X: 26.92 Y: 193.22 Z: 89.61) | Accl: (X: 0.69 Y: 0.18 Z: 0.77)
LSM6DSO | Gyro: (X: 18.24 Y: 178.54 Z: 74.33) | Accl: (X: 0.61 Y: 0.11 Z: 0.88)
LSM6DSO | Gyro: (X: 17.11 Y: 189.56 Z: 72.00) | Accl: (X: 0.55 Y: 0.14 Z: 0.91)
LSM6DSO | Gyro: (X: 18.44 Y: 202.98 Z: 69.60) | Accl: (X: 0.48 Y: 0.12 Z: 0.92)
LSM6DSO | Gyro: (X: 19.31 Y: 180.69 Z: 69.00) | Accl: (X: 0.21 Y: 0.10 Z: 1.11)
LSM6DSO | Gyro: (X: 26.25 Y: 179.18 Z: 66.68) | Accl: (X: 0.21 Y: 0.12 Z: 1.14)
LSM6DSO | Gyro: (X: 31.06 Y: 176.58 Z: 62.80) | Accl: (X: 0.18 Y: 0.10 Z: 1.10)
LSM6DSO | Gyro: (X: 33.10 Y: 118.81 Z: 31.81) | Accl: (X: -0.03 Y: 0.13 Z: 0.96)
LSM6DSO | Gyro: (X: 26.37 Y: 88.08 Z: 20.03) | Accl: (X: -0.01 Y: 0.14 Z: 0.94)
LSM6DSO | Gyro: (X: 17.47 Y: 59.29 Z: 3.70) | Accl: (X: -0.02 Y: 0.16 Z: 0.98)
LSM6DSO | Gyro: (X: 22.64 Y: 23.47 Z: -18.37) | Accl: (X: -0.22 Y: 0.17 Z: 0.99)
LSM6DSO | Gyro: (X: 18.98 Y: 18.38 Z: -15.98) | Accl: (X: -0.24 Y: 0.21 Z: 0.99)
LSM6DSO | Gyro: (X: 18.13 Y: 7.24 Z: -13.07) | Accl: (X: -0.26 Y: 0.22 Z: 1.00)
LSM6DSO | Gyro: (X: 10.88 Y: -21.30 Z: -6.29) | Accl: (X: -0.12 Y: 0.23 Z: 0.90)
LSM6DSO | Gyro: (X: 4.16 Y: -27.75 Z: -10.77) | Accl: (X: -0.10 Y: 0.23 Z: 0.91)
LSM6DSO | Gyro: (X: -0.48 Y: -35.51 Z: -15.32) | Accl: (X: -0.10 Y: 0.24 Z: 0.95)
LSM6DSO | Gyro: (X: -3.51 Y: -71.59 Z: -20.95) | Accl: (X: -0.09 Y: 0.22 Z: 0.95)
LSM6DSO | Gyro: (X: -8.85 Y: -89.14 Z: -27.88) | Accl: (X: -0.01 Y: 0.22 Z: 0.96)
LSM6DSO | Gyro: (X: -13.48 Y: -112.84 Z: -39.17) | Accl: (X: 0.04 Y: 0.22 Z: 0.99)
LSM6DSO | Gyro: (X: -30.10 Y: -175.10 Z: -66.50) | Accl: (X: 0.08 Y: 0.18 Z: 0.93)
LSM6DSO | Gyro: (X: -35.81 Y: -171.86 Z: -61.84) | Accl: (X: 0.10 Y: 0.16 Z: 1.01)
LSM6DSO | Gyro: (X: -33.37 Y: -160.14 Z: -52.95) | Accl: (X: 0.14 Y: 0.10 Z: 1.05)
LSM6DSO | Gyro: (X: -22.68 Y: -203.19 Z: -77.21) | Accl: (X: 0.47 Y: 0.17 Z: 0.86)
LSM6DSO | Gyro: (X: -33.25 Y: -218.81 Z: -83.47) | Accl: (X: 0.46 Y: 0.18 Z: 0.80)
LSM6DSO | Gyro: (X: -40.79 Y: -229.88 Z: -83.65) | Accl: (X: 0.51 Y: 0.13 Z: 0.83)
LSM6DSO | Gyro: (X: -33.31 Y: -194.27 Z: -64.34) | Accl: (X: 0.63 Y: 0.16 Z: 0.78)
LSM6DSO | Gyro: (X: -34.02 Y: -200.00 Z: -60.71) | Accl: (X: 0.72 Y: 0.14 Z: 0.75)
LSM6DSO | Gyro: (X: -31.82 Y: -187.62 Z: -59.21) | Accl: (X: 0.80 Y: 0.15 Z: 0.75)
LSM6DSO | Gyro: (X: -4.77 Y: -131.31 Z: -43.37) | Accl: (X: 0.81 Y: 0.23 Z: 0.57)
LSM6DSO | Gyro: (X: 0.74 Y: -99.96 Z: -32.86) | Accl: (X: 0.81 Y: 0.22 Z: 0.51)
LSM6DSO | Gyro: (X: 2.94 Y: -70.39 Z: -22.10) | Accl: (X: 0.79 Y: 0.26 Z: 0.46)
LSM6DSO | Gyro: (X: -0.12 Y: -42.37 Z: -1.30) | Accl: (X: 0.91 Y: 0.26 Z: 0.36)
LSM6DSO | Gyro: (X: -5.05 Y: -43.04 Z: -5.46) | Accl: (X: 0.94 Y: 0.28 Z: 0.35)
LSM6DSO | Gyro: (X: -10.05 Y: -40.85 Z: -6.54) | Accl: (X: 0.91 Y: 0.23 Z: 0.35)
LSM6DSO | Gyro: (X: -2.84 Y: -21.00 Z: -10.96) | Accl: (X: 0.91 Y: 0.25 Z: 0.41)
LSM6DSO | Gyro: (X: -1.34 Y: -10.46 Z: -6.49) | Accl: (X: 0.87 Y: 0.25 Z: 0.40)
LSM6DSO | Gyro: (X: 1.24 Y: 1.55 Z: 0.51) | Accl: (X: 0.88 Y: 0.23 Z: 0.40)
LSM6DSO | Gyro: (X: 23.00 Y: 99.73 Z: 41.31) | Accl: (X: 0.84 Y: 0.21 Z: 0.51)
LSM6DSO | Gyro: (X: 32.24 Y: 122.81 Z: 54.44) | Accl: (X: 0.81 Y: 0.20 Z: 0.53)
LSM6DSO | Gyro: (X: 41.36 Y: 139.97 Z: 65.16) | Accl: (X: 0.83 Y: 0.21 Z: 0.51)
LSM6DSO | Gyro: (X: 32.33 Y: 175.39 Z: 75.48) | Accl: (X: 0.86 Y: 0.17 Z: 0.58)
LSM6DSO | Gyro: (X: 30.96 Y: 177.41 Z: 72.09) | Accl: (X: 0.82 Y: 0.16 Z: 0.63)
LSM6DSO | Gyro: (X: 28.53 Y: 176.22 Z: 69.40) | Accl: (X: 0.77 Y: 0.15 Z: 0.69)
LSM6DSO | Gyro: (X: 34.12 Y: 197.15 Z: 80.50) | Accl: (X: 0.54 Y: 0.10 Z: 0.87)
LSM6DSO | Gyro: (X: 35.54 Y: 190.15 Z: 78.96) | Accl: (X: 0.49 Y: 0.10 Z: 0.86)
LSM6DSO | Gyro: (X: 29.78 Y: 170.72 Z: 72.59) | Accl: (X: 0.49 Y: 0.11 Z: 0.85)
LSM6DSO | Gyro: (X: 0.46 Y: 76.99 Z: 19.84) | Accl: (X: 0.39 Y: 0.06 Z: 1.00)
LSM6DSO | Gyro: (X: -0.44 Y: 61.18 Z: 9.10) | Accl: (X: 0.34 Y: 0.07 Z: 1.03)
LSM6DSO | Gyro: (X: 0.72 Y: 46.52 Z: 1.16) | Accl: (X: 0.29 Y: 0.06 Z: 1.04)
LSM6DSO | Gyro: (X: 0.59 Y: -14.60 Z: -6.82) | Accl: (X: 0.19 Y: 0.05 Z: 1.11)
LSM6DSO | Gyro: (X: 7.08 Y: -11.44 Z: -0.51) | Accl: (X: 0.14 Y: 0.04 Z: 1.15)
LSM6DSO | Gyro: (X: 16.21 Y: -9.90 Z: 7.20) | Accl: (X: 0.16 Y: 0.04 Z: 1.11)
LSM6DSO | Gyro: (X: 12.75 Y: -1.23 Z: 41.20) | Accl: (X: 0.10 Y: 0.06 Z: 1.00)
LSM6DSO | Gyro: (X: 14.45 Y: 4.68 Z: 54.79) | Accl: (X: 0.06 Y: 0.05 Z: 1.02)
LSM6DSO | Gyro: (X: 17.05 Y: 6.24 Z: 69.22) | Accl: (X: 0.08 Y: 0.05 Z: 1.02)
LSM6DSO | Gyro: (X: 9.77 Y: 51.87 Z: 140.06) | Accl: (X: 0.09 Y: 0.06 Z: 0.84)
LSM6DSO | Gyro: (X: 2.33 Y: 58.21 Z: 153.98) | Accl: (X: 0.07 Y: 0.03 Z: 0.82)
LSM6DSO | Gyro: (X: -4.80 Y: 62.79 Z: 162.82) | Accl: (X: 0.10 Y: 0.00 Z: 0.85)
LSM6DSO | Gyro: (X: -40.66 Y: 31.29 Z: 157.61) | Accl: (X: 0.01 Y: -0.09 Z: 0.89)
LSM6DSO | Gyro: (X: -49.26 Y: 10.99 Z: 154.50) | Accl: (X: -0.02 Y: -0.12 Z: 0.94)
LSM6DSO | Gyro: (X: -54.52 Y: -11.67 Z: 154.48) | Accl: (X: -0.03 Y: -0.16 Z: 0.99)
LSM6DSO | Gyro: (X: -23.34 Y: -15.35 Z: 138.27) | Accl: (X: 0.43 Y: -0.27 Z: 1.15)
LSM6DSO | Gyro: (X: -17.43 Y: -21.98 Z: 117.71) | Accl: (X: 0.50 Y: -0.25 Z: 1.13)
LSM6DSO | Gyro: (X: -13.49 Y: -33.07 Z: 91.13) | Accl: (X: 0.52 Y: -0.22 Z: 1.07)
LSM6DSO | Gyro: (X: -13.39 Y: -17.00 Z: 12.83) | Accl: (X: 0.58 Y: -0.26 Z: 1.05)
LSM6DSO | Gyro: (X: -8.37 Y: -3.67 Z: -0.87) | Accl: (X: 0.55 Y: -0.30 Z: 1.05)
LSM6DSO | Gyro: (X: -5.64 Y: 2.63 Z: -12.57) | Accl: (X: 0.58 Y: -0.32 Z: 1.03)
LSM6DSO | Gyro: (X: 7.47 Y: 20.17 Z: -91.89) | Accl: (X: 0.51 Y: -0.36 Z: 1.03)
LSM6DSO | Gyro: (X: 12.01 Y: 26.46 Z: -103.79) | Accl: (X: 0.45 Y: -0.35 Z: 1.04)
LSM6DSO | Gyro: (X: 17.95 Y: 39.83 Z: -108.48) | Accl: (X: 0.42 Y: -0.41 Z: 1.04)
LSM6DSO | Gyro: (X: 26.87 Y: 45.61 Z: -186.45) | Accl: (X: 0.45 Y: -0.35 Z: 0.95)
LSM6DSO | Gyro: (X: 23.47 Y: 40.66 Z: -205.76) | Accl: (X: 0.35 Y: -0.34 Z: 1.02)
LSM6DSO | Gyro: (X: 26.78 Y: 37.37 Z: -219.46) | Accl: (X: 0.20 Y: -0.36 Z: 1.01)
LSM6DSO | Gyro: (X: 26.23 Y: 47.95 Z: -181.68) | Accl: (X: -0.15 Y: -0.30 Z: 0.94)
LSM6DSO | Gyro: (X: 25.11 Y: 47.52 Z: -168.71) | Accl: (X: -0.12 Y: -0.25 Z: 0.92)
LSM6DSO | Gyro: (X: 22.77 Y: 32.74 Z: -166.07) | Accl: (X: -0.01 Y: -0.21 Z: 0.91)
LSM6DSO | Gyro: (X: 5.52 Y: 4.65 Z: -235.45) | Accl: (X: 0.25 Y: -0.31 Z: 1.03)
LSM6DSO | Gyro: (X: 7.11 Y: 4.08 Z: -246.05) | Accl: (X: 0.10 Y: -0.34 Z: 1.09)
LSM6DSO | Gyro: (X: 10.96 Y: 5.68 Z: -250.58) | Accl: (X: -0.03 Y: -0.34 Z: 1.15)
LSM6DSO | Gyro: (X: 39.93 Y: 5.70 Z: -186.40) | Accl: (X: -0.48 Y: -0.10 Z: 0.98)
LSM6DSO | Gyro: (X: 36.45 Y: -11.65 Z: -161.75) | Accl: (X: -0.50 Y: -0.04 Z: 0.97)
LSM6DSO | Gyro: (X: 36.51 Y: -12.17 Z: -139.41) | Accl: (X: -0.52 Y: 0.02 Z: 0.97)
LSM6DSO | Gyro: (X: 33.25 Y: -13.73 Z: -86.63) | Accl: (X: -0.57 Y: 0.06 Z: 0.93)
LSM6DSO | Gyro: (X: 6.71 Y: -6.68 Z: -7.50) | Accl: (X: -0.44 Y: 0.08 Z: 0.88)
LSM6DSO | Gyro: (X: -1.38 Y: -7.78 Z: 6.80) | Accl: (X: -0.37 Y: 0.06 Z: 0.91)
LSM6DSO | Gyro: (X: -8.06 Y: -0.02 Z: 20.65) | Accl: (X: -0.33 Y: 0.05 Z: 0.96)
LSM6DSO | Gyro: (X: -1.62 Y: -25.64 Z: 53.02) | Accl: (X: -0.31 Y: 0.02 Z: 1.10)
LSM6DSO | Gyro: (X: 1.27 Y: -28.52 Z: 62.64) | Accl: (X: -0.30 Y: -0.00 Z: 1.08)
LSM6DSO | Gyro: (X: 3.85 Y: -27.92 Z: 74.62) | Accl: (X: -0.30 Y: -0.03 Z: 1.08)
LSM6DSO | Gyro: (X: 20.42 Y: -56.69 Z: 141.29) | Accl: (X: -0.31 Y: -0.11 Z: 1.06)
LSM6DSO | Gyro: (X: 22.27 Y: -49.94 Z: 159.89) | Accl: (X: -0.18 Y: -0.11 Z: 0.98)
LSM6DSO | Gyro: (X: 20.19 Y: -48.26 Z: 170.84) | Accl: (X: -0.10 Y: -0.12 Z: 0.91)
LSM6DSO | Gyro: (X: -15.09 Y: -60.21 Z: 196.31) | Accl: (X: -0.02 Y: -0.18 Z: 0.89)
LSM6DSO | Gyro: (X: -16.40 Y: -53.87 Z: 206.83) | Accl: (X: 0.03 Y: -0.27 Z: 0.91)
LSM6DSO | Gyro: (X: -14.81 Y: -37.83 Z: 219.13) | Accl: (X: 0.10 Y: -0.34 Z: 0.97)
LSM6DSO | Gyro: (X: 6.19 Y: -35.92 Z: 207.03) | Accl: (X: 0.23 Y: -0.31 Z: 0.98)
LSM6DSO | Gyro: (X: 7.75 Y: -39.81 Z: 203.69) | Accl: (X: 0.22 Y: -0.35 Z: 0.93)
LSM6DSO | Gyro: (X: 5.99 Y: -35.28 Z: 204.43) | Accl: (X: 0.21 Y: -0.39 Z: 0.89)
LSM6DSO | Gyro: (X: 2.96 Y: -70.32 Z: 185.47) | Accl: (X: 0.36 Y: -0.50 Z: 1.04)
LSM6DSO | Gyro: (X: 9.47 Y: -87.16 Z: 174.12) | Accl: (X: 0.37 Y: -0.49 Z: 1.03)
LSM6DSO | Gyro: (X: 18.62 Y: -97.83 Z: 163.48) | Accl: (X: 0.43 Y: -0.44 Z: 1.01)
LSM6DSO | Gyro: (X: 25.26 Y: -74.89 Z: 146.76) | Accl: (X: 0.59 Y: -0.39 Z: 0.78)
LSM6DSO | Gyro: (X: 19.92 Y: -66.09 Z: 136.57) | Accl: (X: 0.64 Y: -0.37 Z: 0.78)
LSM6DSO | Gyro: (X: 16.59 Y: -60.01 Z: 123.29) | Accl: (X: 0.68 Y: -0.34 Z: 0.74)
LSM6DSO | Gyro: (X: -9.33 Y: -39.95 Z: 62.47) | Accl: (X: 0.84 Y: -0.42 Z: 0.76)
LSM6DSO | Gyro: (X: -10.85 Y: -16.67 Z: 45.83) | Accl: (X: 0.88 Y: -0.39 Z: 0.77)
LSM6DSO | Gyro: (X: -12.09 Y: -4.86 Z: 31.24) | Accl: (X: 0.84 Y: -0.39 Z: 0.80)
LSM6DSO | Gyro: (X: -12.28 Y: 22.57 Z: -26.21) | Accl: (X: 0.80 Y: -0.42 Z: 0.76)
LSM6DSO | Gyro: (X: -12.16 Y: 28.03 Z: -38.12) | Accl: (X: 0.77 Y: -0.44 Z: 0.77)
LSM6DSO | Gyro: (X: -12.22 Y: 35.78 Z: -46.41) | Accl: (X: 0.76 Y: -0.45 Z: 0.78)
LSM6DSO | Gyro: (X: -0.40 Y: 72.00 Z: -98.10) | Accl: (X: 0.73 Y: -0.49 Z: 0.83)
LSM6DSO | Gyro: (X: -0.67 Y: 81.43 Z: -109.48) | Accl: (X: 0.76 Y: -0.50 Z: 0.83)
LSM6DSO | Gyro: (X: -1.24 Y: 87.76 Z: -127.90) | Accl: (X: 0.80 Y: -0.52 Z: 0.85)
LSM6DSO | Gyro: (X: 1.43 Y: 79.85 Z: -242.37) | Accl: (X: 0.50 Y: -0.63 Z: 0.78)
LSM6DSO | Gyro: (X: -5.70 Y: 67.58 Z: -255.34) | Accl: (X: 0.37 Y: -0.66 Z: 0.76)
LSM6DSO | Gyro: (X: -15.18 Y: 57.09 Z: -262.04) | Accl: (X: 0.24 Y: -0.65 Z: 0.76)
LSM6DSO | Gyro: (X: -18.27 Y: 45.99 Z: -230.21) | Accl: (X: -0.02 Y: -0.55 Z: 0.95)
LSM6DSO | Gyro: (X: -13.74 Y: 51.38 Z: -214.65) | Accl: (X: 0.01 Y: -0.53 Z: 1.00)
LSM6DSO | Gyro: (X: -7.14 Y: 51.22 Z: -204.48) | Accl: (X: 0.01 Y: -0.45 Z: 1.04)
LSM6DSO | Gyro: (X: 8.21 Y: 25.24 Z: -166.96) | Accl: (X: -0.03 Y: -0.27 Z: 1.02)
LSM6DSO | Gyro: (X: 10.09 Y: 35.28 Z: -157.75) | Accl: (X: -0.04 Y: -0.23 Z: 1.01)
LSM6DSO | Gyro: (X: 12.03 Y: 39.08 Z: -149.07) | Accl: (X: -0.09 Y: -0.16 Z: 1.00)
LSM6DSO | Gyro: (X: 3.14 Y: 31.71 Z: -105.66) | Accl: (X: -0.15 Y: -0.12 Z: 1.08)
LSM6DSO | Gyro: (X: 6.21 Y: 16.62 Z: -102.07) | Accl: (X: -0.18 Y: -0.09 Z: 1.12)
LSM6DSO | Gyro: (X: 9.33 Y: 5.53 Z: -98.59) | Accl: (X: -0.21 Y: -0.10 Z: 1.14)
LSM6DSO | Gyro: (X: 29.43 Y: -7.09 Z: -46.93) | Accl: (X: -0.35 Y: 0.02 Z: 1.04)
LSM6DSO | Gyro: (X: 26.50 Y: -11.98 Z: -34.04) | Accl: (X: -0.38 Y: 0.03 Z: 1.02)
LSM6DSO | Gyro: (X: 23.31 Y: -13.90 Z: -13.32) | Accl: (X: -0.41 Y: 0.07 Z: 1.00)
LSM6DSO | Gyro: (X: 8.51 Y: -19.13 Z: 73.31) | Accl: (X: -0.32 Y: 0.03 Z: 0.98)
LSM6DSO | Gyro: (X: 6.20 Y: -24.80 Z: 90.95) | Accl: (X: -0.32 Y: -0.02 Z: 0.98)
LSM6DSO | Gyro: (X: 4.87 Y: -25.93 Z: 107.77) | Accl: (X: -0.28 Y: -0.06 Z: 1.01)
LSM6DSO | Gyro: (X: 23.42 Y: -25.24 Z: 178.75) | Accl: (X: -0.08 Y: -0.21 Z: 1.08)
LSM6DSO | Gyro: (X: 27.48 Y: -16.36 Z: 189.89) | Accl: (X: 0.02 Y: -0.22 Z: 1.03)
LSM6DSO | Gyro: (X: 26.91 Y: -12.96 Z: 196.81) | Accl: (X: 0.07 Y: -0.22 Z: 0.95)
LSM6DSO | Gyro: (X: 5.03 Y: -12.90 Z: 193.45) | Accl: (X: 0.33 Y: -0.28 Z: 0.95)
LSM6DSO | Gyro: (X: 4.24 Y: -17.97 Z: 184.39) | Accl: (X: 0.32 Y: -0.27 Z: 1.00)
LSM6DSO | Gyro: (X: 6.61 Y: -25.28 Z: 176.71) | Accl: (X: 0.31 Y: -0.28 Z: 1.03)
LSM6DSO | Gyro: (X: 22.38 Y: -38.04 Z: 155.82) | Accl: (X: 0.31 Y: -0.27 Z: 0.92)
LSM6DSO | Gyro: (X: 21.02 Y: -43.45 Z: 152.27) | Accl: (X: 0.31 Y: -0.27 Z: 0.88)
LSM6DSO | Gyro: (X: 18.06 Y: -50.12 Z: 148.95) | Accl: (X: 0.30 Y: -0.26 Z: 0.85)
LSM6DSO | Gyro: (X: 10.47 Y: -38.20 Z: 143.74) | Accl: (X: 0.42 Y: -0.27 Z: 0.85)
LSM6DSO | Gyro: (X: 7.76 Y: -43.08 Z: 138.27) | Accl: (X: 0.41 Y: -0.29 Z: 0.81)
LSM6DSO | Gyro: (X: 1.39 Y: -48.53 Z: 133.22) | Accl: (X: 0.41 Y: -0.32 Z: 0.81)
LSM6DSO | Gyro: (X: 2.83 Y: -36.51 Z: 108.50) | Accl: (X: 0.65 Y: -0.37 Z: 0.87)
LSM6DSO | Gyro: (X: 2.20 Y: -31.60 Z: 101.13) | Accl: (X: 0.68 Y: -0.38 Z: 0.85)
LSM6DSO | Gyro: (X: 0.57 Y: -28.83 Z: 89.41) | Accl: (X: 0.72 Y: -0.40 Z: 0.83)
LSM6DSO | Gyro: (X: -7.17 Y: -6.47 Z: 38.66) | Accl: (X: 0.79 Y: -0.44 Z: 0.81)
LSM6DSO | Gyro: (X: -11.51 Y: 6.22 Z: 28.16) | Accl: (X: 0.81 Y: -0.46 Z: 0.84)
LSM6DSO | Gyro: (X: -12.60 Y: 9.05 Z: 13.70) | Accl: (X: 0.85 Y: -0.44 Z: 0.89)
LSM6DSO | Gyro: (X: -8.53 Y: 28.31 Z: -74.57) | Accl: (X: 0.87 Y: -0.52 Z: 0.87)
LSM6DSO | Gyro: (X: -9.51 Y: 38.33 Z: -94.39) | Accl: (X: 0.87 Y: -0.54 Z: 0.87)
LSM6DSO | Gyro: (X: -9.60 Y: 47.68 Z: -109.69) | Accl: (X: 0.80 Y: -0.54 Z: 0.87)
LSM6DSO | Gyro: (X: 0.81 Y: 61.31 Z: -164.80) | Accl: (X: 0.62 Y: -0.58 Z: 0.84)
LSM6DSO | Gyro: (X: 1.37 Y: 67.90 Z: -174.13) | Accl: (X: 0.66 Y: -0.56 Z: 0.83)
LSM6DSO | Gyro: (X: 0.73 Y: 71.48 Z: -190.23) | Accl: (X: 0.68 Y: -0.53 Z: 0.81)
LSM6DSO | Gyro: (X: -6.20 Y: 57.85 Z: -230.55) | Accl: (X: 0.15 Y: -0.53 Z: 0.84)
LSM6DSO | Gyro: (X: -8.01 Y: 48.69 Z: -225.89) | Accl: (X: 0.10 Y: -0.51 Z: 0.85)
LSM6DSO | Gyro: (X: -10.17 Y: 47.37 Z: -217.73) | Accl: (X: 0.07 Y: -0.50 Z: 0.87)
LSM6DSO | Gyro: (X: 16.98 Y: 70.92 Z: -180.05) | Accl: (X: 0.05 Y: -0.35 Z: 0.97)
LSM6DSO | Gyro: (X: 23.14 Y: 78.72 Z: -174.40) | Accl: (X: -0.01 Y: -0.30 Z: 0.94)
LSM6DSO | Gyro: (X: 26.85 Y: 67.67 Z: -170.16) | Accl: (X: -0.07 Y: -0.24 Z: 0.87)
LSM6DSO | Gyro: (X: -10.55 Y: 17.60 Z: -149.80) | Accl: (X: -0.24 Y: -0.16 Z: 0.95)
LSM6DSO | Gyro: (X: -12.22 Y: 21.36 Z: -139.35) | Accl: (X: -0.24 Y: -0.15 Z: 1.01)
LSM6DSO | Gyro: (X: -10.04 Y: 19.40 Z: -129.79) | Accl: (X: -0.28 Y: -0.14 Z: 1.05)
LSM6DSO | Gyro: (X: 2.39 Y: -7.28 Z: -78.79) | Accl: (X: -0.45 Y: -0.06 Z: 1.09)
LSM6DSO | Gyro: (X: 4.94 Y: 1.60 Z: -61.33) | Accl: (X: -0.49 Y: -0.04 Z: 1.10)
LSM6DSO | Gyro: (X: 5.90 Y: 3.59 Z: -44.71) | Accl: (X: -0.51 Y: -0.01 Z: 1.06)
LSM6DSO | Gyro: (X: 0.97 Y: -5.67 Z: 34.81) | Accl: (X: -0.47 Y: -0.06 Z: 1.10)
LSM6DSO | Gyro: (X: 2.69 Y: -6.34 Z: 47.53) | Accl: (X: -0.43 Y: -0.06 Z: 1.12)
LSM6DSO | Gyro: (X: 3.71 Y: -10.53 Z: 56.57) | Accl: (X: -0.41 Y: -0.07 Z: 1.12)
LSM6DSO | Gyro: (X: 14.12 Y: -33.60 Z: 102.31) | Accl: (X: -0.31 Y: -0.14 Z: 1.08)
LSM6DSO | Gyro: (X: 14.61 Y: -37.06 Z: 112.07) | Accl: (X: -0.29 Y: -0.17 Z: 1.07)
LSM6DSO | Gyro: (X: 16.79 Y: -31.17 Z: 124.64) | Accl: (X: -0.26 Y: -0.19 Z: 1.08)
LSM6DSO | Gyro: (X: 18.15 Y: -29.95 Z: 170.28) | Accl: (X: -0.05 Y: -0.27 Z: 0.99)
LSM6DSO | Gyro: (X: 18.28 Y: -37.13 Z: 173.48) | Accl: (X: 0.05 Y: -0.29 Z: 1.02)
LSM6DSO | Gyro: (X: 23.49 Y: -36.57 Z: 172.02) | Accl: (X: 0.13 Y: -0.27 Z: 1.05)
LSM6DSO | Gyro: (X: 31.08 Y: -16.57 Z: 183.05) | Accl: (X: 0.06 Y: -0.27 Z: 0.80)
LSM6DSO | Gyro: (X: 23.00 Y: -15.00 Z: 190.85) | Accl: (X: 0.13 Y: -0.29 Z: 0.80)
LSM6DSO | Gyro: (X: 14.60 Y: -14.18 Z: 194.83) | Accl: (X: 0.19 Y: -0.30 Z: 0.83)
LSM6DSO | Gyro: (X: 6.44 Y: -34.83 Z: 160.67) | Accl: (X: 0.39 Y: -0.30 Z: 0.83)
LSM6DSO | Gyro: (X: -1.85 Y: -38.23 Z: 154.31) | Accl: (X: 0.39 Y: -0.31 Z: 0.82)
LSM6DSO | Gyro: (X: -8.20 Y: -34.40 Z: 149.32) | Accl: (X: 0.39 Y: -0.34 Z: 0.87)
LSM6DSO | Gyro: (X: -3.74 Y: -5.65 Z: 133.98) | Accl: (X: 0.48 Y: -0.38 Z: 0.90)
LSM6DSO | Gyro: (X: -8.01 Y: -14.14 Z: 123.38) | Accl: (X: 0.54 Y: -0.39 Z: 0.92)
LSM6DSO | Gyro: (X: -8.30 Y: -19.82 Z: 110.58) | Accl: (X: 0.58 Y: -0.35 Z: 0.95)
LSM6DSO | Gyro: (X: -15.44 Y: -1.08 Z: 67.74) | Accl: (X: 0.58 Y: -0.41 Z: 0.91)
LSM6DSO | Gyro: (X: -17.47 Y: -1.41 Z: 58.04) | Accl: (X: 0.61 Y: -0.41 Z: 0.95)
LSM6DSO | Gyro: (X: -17.33 Y: -5.21 Z: 47.02) | Accl: (X: 0.63 Y: -0.42 Z: 0.96)
LSM6DSO | Gyro: (X: -10.96 Y: 6.72 Z: 2.72) | Accl: (X: 0.80 Y: -0.56 Z: 1.05)
LSM6DSO | Gyro: (X: -7.10 Y: 13.76 Z: -9.56) | Accl: (X: 0.85 Y: -0.58 Z: 1.06)
LSM6DSO | Gyro: (X: -3.35 Y: 12.22 Z: -29.85) | Accl: (X: 0.91 Y: -0.63 Z: 1.06)
LSM6DSO | Gyro: (X: 27.40 Y: 14.89 Z: -134.54) | Accl: (X: 0.88 Y: -0.76 Z: 1.25)
LSM6DSO | Gyro: (X: 42.43 Y: 18.17 Z: -153.40) | Accl: (X: 0.83 Y: -0.74 Z: 1.14)
LSM6DSO | Gyro: (X: 49.72 Y: 15.85 Z: -171.86) | Accl: (X: 0.78 Y: -0.70 Z: 1.01)
LSM6DSO | Gyro: (X: 28.76 Y: 15.60 Z: -230.71) | Accl: (X: 0.43 Y: -0.54 Z: 0.77)
LSM6DSO | Gyro: (X: 26.66 Y: 20.37 Z: -235.42) | Accl: (X: 0.38 Y: -0.50 Z: 0.75)
LSM6DSO | Gyro: (X: 23.78 Y: 24.53 Z: -239.53) | Accl: (X: 0.33 Y: -0.46 Z: 0.73)
LSM6DSO | Gyro: (X: 4.93 Y: 50.88 Z: -232.38) | Accl: (X: -0.03 Y: -0.27 Z: 0.66)
LSM6DSO | Gyro: (X: 0.96 Y: 55.37 Z: -225.27) | Accl: (X: -0.08 Y: -0.25 Z: 0.67)
LSM6DSO | Gyro: (X: -6.12 Y: 57.17 Z: -218.04) | Accl: (X: -0.16 Y: -0.20 Z: 0.66)
LSM6DSO | Gyro: (X: -34.74 Y: 35.17 Z: -177.60) | Accl: (X: -0.34 Y: -0.11 Z: 0.82)
LSM6DSO | Gyro: (X: -38.52 Y: 24.40 Z: -170.27) | Accl: (X: -0.40 Y: -0.12 Z: 0.87)
LSM6DSO | Gyro: (X: -42.95 Y: 23.70 Z: -159.30) | Accl: (X: -0.45 Y: -0.11 Z: 0.94)
LSM6DSO | Gyro: (X: -41.30 Y: 12.70 Z: -77.04) | Accl: (X: -0.49 Y: -0.13 Z: 1.18)
LSM6DSO | Gyro: (X: -35.24 Y: 11.52 Z: -66.70) | Accl: (X: -0.48 Y: -0.14 Z: 1.24)
LSM6DSO | Gyro: (X: -27.90 Y: 12.84 Z: -56.93) | Accl: (X: -0.51 Y: -0.16 Z: 1.26)
LSM6DSO | Gyro: (X: -3.58 Y: -3.23 Z: 1.20) | Accl: (X: -0.67 Y: -0.19 Z: 1.31)
LSM6DSO | Gyro: (X: 1.78 Y: -15.03 Z: 16.18) | Accl: (X: -0.67 Y: -0.20 Z: 1.32)
LSM6DSO | Gyro: (X: 8.02 Y: -20.29 Z: 29.42) | Accl: (X: -0.65 Y: -0.19 Z: 1.32)
LSM6DSO | Gyro: (X: 29.78 Y: -48.33 Z: 95.51) | Accl: (X: -0.47 Y: -0.20 Z: 1.17)
LSM6DSO | Gyro: (X: 34.47 Y: -47.99 Z: 108.03) | Accl: (X: -0.41 Y: -0.22 Z: 1.16)
LSM6DSO | Gyro: (X: 40.93 Y: -45.50 Z: 122.29) | Accl: (X: -0.37 Y: -0.21 Z: 1.12)
LSM6DSO | Gyro: (X: 45.88 Y: -38.12 Z: 175.48) | Accl: (X: -0.14 Y: -0.20 Z: 0.86)
LSM6DSO | Gyro: (X: 41.13 Y: -36.07 Z: 182.73) | Accl: (X: -0.09 Y: -0.21 Z: 0.82)
LSM6DSO | Gyro: (X: 35.74 Y: -36.28 Z: 188.07) | Accl: (X: -0.05 Y: -0.21 Z: 0.82)
LSM6DSO | Gyro: (X: 15.76 Y: -44.76 Z: 206.80) | Accl: (X: 0.08 Y: -0.27 Z: 0.78)
LSM6DSO | Gyro: (X: 14.04 Y: -42.17 Z: 212.81) | Accl: (X: 0.11 Y: -0.32 Z: 0.80)
LSM6DSO | Gyro: (X: 14.24 Y: -35.90 Z: 220.04) | Accl: (X: 0.16 Y: -0.32 Z: 0.81)
LSM6DSO | Gyro: (X: -3.32 Y: -42.10 Z: 217.09) | Accl: (X: 0.46 Y: -0.39 Z: 0.72)
LSM6DSO | Gyro: (X: -8.36 Y: -36.88 Z: 207.65) | Accl: (X: 0.51 Y: -0.40 Z: 0.72)
LSM6DSO | Gyro: (X: -15.08 Y: -45.45 Z: 193.56) | Accl: (X: 0.57 Y: -0.42 Z: 0.77)
LSM6DSO | Gyro: (X: -16.63 Y: -15.74 Z: 149.54) | Accl: (X: 0.72 Y: -0.47 Z: 0.87)
LSM6DSO | Gyro: (X: -15.85 Y: -12.08 Z: 134.83) | Accl: (X: 0.76 Y: -0.49 Z: 0.82)
LSM6DSO | Gyro: (X: -23.51 Y: -22.92 Z: 112.41) | Accl: (X: 0.79 Y: -0.49 Z: 0.80)
LSM6DSO | Gyro: (X: -25.31 Y: -6.30 Z: 48.42) | Accl: (X: 0.85 Y: -0.63 Z: 1.03)
LSM6DSO | Gyro: (X: -20.29 Y: -0.26 Z: 34.63) | Accl: (X: 0.87 Y: -0.67 Z: 1.01)
LSM6DSO | Gyro: (X: -18.99 Y: 0.07 Z: 21.02) | Accl: (X: 0.90 Y: -0.71 Z: 1.01)
LSM6DSO | Gyro: (X: 21.09 Y: 13.99 Z: -73.11) | Accl: (X: 1.03 Y: -0.78 Z: 1.19)
LSM6DSO | Gyro: (X: 34.88 Y: 15.33 Z: -97.35) | Accl: (X: 0.96 Y: -0.77 Z: 1.07)
LSM6DSO | Gyro: (X: 40.42 Y: 18.85 Z: -116.24) | Accl: (X: 0.92 Y: -0.72 Z: 0.98)
LSM6DSO | Gyro: (X: 26.37 Y: 30.22 Z: -191.06) | Accl: (X: 0.60 Y: -0.58 Z: 0.78)
LSM6DSO | Gyro: (X: 24.50 Y: 28.25 Z: -201.17) | Accl: (X: 0.58 Y: -0.55 Z: 0.78)
LSM6DSO | Gyro: (X: 22.58 Y: 28.32 Z: -213.75) | Accl: (X: 0.55 Y: -0.52 Z: 0.74)
LSM6DSO | Gyro: (X: 9.63 Y: 49.45 Z: -238.72) | Accl: (X: 0.35 Y: -0.43 Z: 0.73)
LSM6DSO | Gyro: (X: 9.41 Y: 54.04 Z: -240.20) | Accl: (X: 0.28 Y: -0.41 Z: 0.72)
LSM6DSO | Gyro: (X: 6.94 Y: 59.38 Z: -238.79) | Accl: (X: 0.20 Y: -0.36 Z: 0.71)
LSM6DSO | Gyro: (X: -3.67 Y: 66.26 Z: -214.16) | Accl: (X: -0.14 Y: -0.23 Z: 0.74)
LSM6DSO | Gyro: (X: -8.74 Y: 66.79 Z: -204.93) | Accl: (X: -0.22 Y: -0.19 Z: 0.74)
LSM6DSO | Gyro: (X: -13.27 Y: 70.51 Z: -197.29) | Accl: (X: -0.29 Y: -0.17 Z: 0.75)
LSM6DSO | Gyro: (X: -53.51 Y: 16.27 Z: -157.87) | Accl: (X: -0.58 Y: -0.20 Z: 1.03)
LSM6DSO | Gyro: (X: -50.38 Y: 21.86 Z: -141.58) | Accl: (X: -0.61 Y: -0.22 Z: 1.10)
LSM6DSO | Gyro: (X: -45.59 Y: 37.22 Z: -122.31) | Accl: (X: -0.61 Y: -0.16 Z: 1.17)
LSM6DSO | Gyro: (X: -8.30 Y: 13.25 Z: -12.75) | Accl: (X: -0.48 Y: -0.11 Z: 1.24)
LSM6DSO | Gyro: (X: -4.71 Y: 6.12 Z: -4.17) | Accl: (X: -0.37 Y: -0.09 Z: 1.22)
LSM6DSO | Gyro: (X: -1.09 Y: -5.89 Z: 0.32) | Accl: (X: -0.25 Y: -0.09 Z: 1.19)
LSM6DSO | Gyro: (X: 6.84 Y: -7.42 Z: 0.44) | Accl: (X: -0.07 Y: -0.05 Z: 1.08)
LSM6DSO | Gyro: (X: 7.44 Y: -6.68 Z: 3.02) | Accl: (X: -0.06 Y: -0.06 Z: 1.07)
LSM6DSO | Gyro: (X: 8.48 Y: -6.67 Z: 5.36) | Accl: (X: -0.05 Y: -0.05 Z: 1.06)
LSM6DSO | Gyro: (X: 6.39 Y: -9.41 Z: 14.37) | Accl: (X: 0.06 Y: -0.02 Z: 0.99)
LSM6DSO | Gyro: (X: 5.03 Y: -8.88 Z: 13.79) | Accl: (X: 0.09 Y: -0.02 Z: 1.01)
LSM6DSO | Gyro: (X: 4.72 Y: -9.63 Z: 12.43) | Accl: (X: 0.10 Y: -0.01 Z: 1.02)
LSM6DSO | Gyro: (X: 8.75 Y: -6.76 Z: 5.70) | Accl: (X: 0.09 Y: -0.00 Z: 1.02)
LSM6DSO | Gyro: (X: 8.50 Y: -7.13 Z: 5.31) | Accl: (X: 0.08 Y: -0.00 Z: 1.02)
LSM6DSO | Gyro: (X: 8.09 Y: -5.72 Z: 5.79) | Accl: (X: 0.07 Y: -0.00 Z: 1.01)
LSM6DSO | Gyro: (X: 7.81 Y: -2.41 Z: 6.76) | Accl: (X: 0.08 Y: 0.01 Z: 1.01)
LSM6DSO | Gyro: (X: 7.31 Y: -0.67 Z: 6.68) | Accl: (X: 0.08 Y: 0.01 Z: 1.00)
LSM6DSO | Gyro: (X: 6.72 Y: -0.22 Z: 7.18) | Accl: (X: 0.06 Y: 0.01 Z: 1.00)
LSM6DSO | Gyro: (X: 6.14 Y: -1.71 Z: 7.62) | Accl: (X: 0.07 Y: 0.02 Z: 1.00)
LSM6DSO | Gyro: (X: 4.03 Y: -1.03 Z: 5.49) | Accl: (X: 0.11 Y: 0.02 Z: 1.00)
LSM6DSO | Gyro: (X: 3.12 Y: -1.70 Z: 4.12) | Accl: (X: 0.11 Y: 0.01 Z: 1.00)
LSM6DSO | Gyro: (X: 2.25 Y: -0.67 Z: 3.15) | Accl: (X: 0.11 Y: 0.01 Z: 1.01)
LSM6DSO | Gyro: (X: 2.77 Y: 0.05 Z: 0.25) | Accl: (X: 0.09 Y: 0.01 Z: 1.02)
LSM6DSO | Gyro: (X: 2.36 Y: -0.77 Z: -0.53) | Accl: (X: 0.09 Y: 0.01 Z: 1.01)
LSM6DSO | Gyro: (X: 0.98 Y: -2.42 Z: -1.33) | Accl: (X: 0.09 Y: 0.00 Z: 1.00)
LSM6DSO | Gyro: (X: 1.78 Y: -0.66 Z: -1.14) | Accl: (X: 0.07 Y: 0.00 Z: 1.03)
LSM6DSO | Gyro: (X: 1.56 Y: 0.52 Z: -1.31) | Accl: (X: 0.08 Y: -0.00 Z: 1.02)
LSM6DSO | Gyro: (X: 1.13 Y: -0.49 Z: -2.14) | Accl: (X: 0.09 Y: 0.01 Z: 1.02)
LSM6DSO | Gyro: (X: 1.13 Y: -0.80 Z: -3.51) | Accl: (X: 0.05 Y: 0.00 Z: 1.04)
LSM6DSO | Gyro: (X: 0.90 Y: -1.36 Z: -2.93) | Accl: (X: 0.04 Y: -0.01 Z: 1.02)
LSM6DSO | Gyro: (X: 0.10 Y: -1.78 Z: -2.07) | Accl: (X: 0.05 Y: -0.01 Z: 1.02)
LSM6DSO | Gyro: (X: 2.08 Y: -1.29 Z: -1.10) | Accl: (X: 0.06 Y: -0.01 Z: 1.05)
LSM6DSO | Gyro: (X: 2.72 Y: -1.75 Z: -0.94) | Accl: (X: 0.06 Y: -0.01 Z: 1.04)
LSM6DSO | Gyro: (X: 2.82 Y: -1.80 Z: -0.61) | Accl: (X: 0.06 Y: -0.01 Z: 1.03)
LSM6DSO | Gyro: (X: 2.57 Y: -2.04 Z: 0.38) | Accl: (X: 0.08 Y: -0.01 Z: 1.03)
LSM6DSO | Gyro: (X: 2.79 Y: -2.75 Z: 0.21) | Accl: (X: 0.08 Y: -0.00 Z: 1.03)
LSM6DSO | Gyro: (X: 2.83 Y: -2.51 Z: -0.20) | Accl: (X: 0.09 Y: -0.00 Z: 1.02)
LSM6DSO | Gyro: (X: 1.18 Y: -3.74 Z: -2.59) | Accl: (X: 0.07 Y: -0.01 Z: 1.02)
LSM6DSO | Gyro: (X: 1.29 Y: -3.63 Z: -2.52) | Accl: (X: 0.07 Y: -0.00 Z: 1.02)
LSM6DSO | Gyro: (X: 1.23 Y: -4.17 Z: -2.13) | Accl: (X: 0.07 Y: 0.00 Z: 1.01)
LSM6DSO | Gyro: (X: -2.39 Y: -3.27 Z: 0.99) | Accl: (X: 0.05 Y: 0.01 Z: 0.99)
LSM6DSO | Gyro: (X: -3.68 Y: -1.01 Z: 3.01) | Accl: (X: 0.05 Y: -0.00 Z: 0.99)
LSM6DSO | Gyro: (X: -6.25 Y: -0.98 Z: 4.53) | Accl: (X: 0.05 Y: -0.02 Z: 0.99)
LSM6DSO | Gyro: (X: 0.26 Y: 0.17 Z: 6.12) | Accl: (X: 0.15 Y: -0.18 Z: 1.26)
LSM6DSO | Gyro: (X: 9.57 Y: 2.23 Z: 2.80) | Accl: (X: 0.16 Y: -0.18 Z: 1.30)
LSM6DSO | Gyro: (X: 21.11 Y: 1.86 Z: -1.68) | Accl: (X: 0.16 Y: -0.15 Z: 1.28)
LSM6DSO | Gyro: (X: 29.61 Y: -2.84 Z: -7.00) | Accl: (X: 0.14 Y: -0.11 Z: 1.21)
LSM6DSO | Gyro: (X: 36.73 Y: 2.64 Z: -7.01) | Accl: (X: 0.08 Y: 0.16 Z: 0.86)
LSM6DSO | Gyro: (X: 32.80 Y: 3.54 Z: -6.89) | Accl: (X: 0.08 Y: 0.19 Z: 0.78)
LSM6DSO | Gyro: (X: 25.58 Y: 2.02 Z: -7.18) | Accl: (X: 0.08 Y: 0.21 Z: 0.71)
LSM6DSO | Gyro: (X: -35.98 Y: 0.29 Z: -3.00) | Accl: (X: 0.02 Y: 0.21 Z: 0.68)
LSM6DSO | Gyro: (X: -45.55 Y: 1.61 Z: 0.56) | Accl: (X: 0.00 Y: 0.16 Z: 0.74)
LSM6DSO | Gyro: (X: -53.47 Y: 2.26 Z: 4.89) | Accl: (X: -0.01 Y: 0.08 Z: 0.81)
LSM6DSO | Gyro: (X: -60.60 Y: 4.42 Z: 17.81) | Accl: (X: 0.05 Y: -0.42 Z: 1.42)
LSM6DSO | Gyro: (X: -48.05 Y: 1.06 Z: 13.48) | Accl: (X: 0.07 Y: -0.50 Z: 1.62)
LSM6DSO | Gyro: (X: -23.34 Y: -4.83 Z: 7.75) | Accl: (X: 0.09 Y: -0.56 Z: 1.76)
LSM6DSO | Gyro: (X: 79.80 Y: -17.38 Z: -12.76) | Accl: (X: 0.07 Y: -0.21 Z: 1.29)
LSM6DSO | Gyro: (X: 87.39 Y: -17.79 Z: -12.49) | Accl: (X: 0.07 Y: -0.11 Z: 1.17)
LSM6DSO | Gyro: (X: 93.56 Y: -10.68 Z: -9.41) | Accl: (X: 0.09 Y: 0.02 Z: 1.00)
LSM6DSO | Gyro: (X: 54.78 Y: -12.75 Z: -18.94) | Accl: (X: 0.05 Y: 0.42 Z: 0.34)
LSM6DSO | Gyro: (X: 31.25 Y: -13.38 Z: -16.62) | Accl: (X: 0.01 Y: 0.48 Z: 0.29)
LSM6DSO | Gyro: (X: 8.68 Y: -16.34 Z: -12.54) | Accl: (X: -0.02 Y: 0.52 Z: 0.27)
LSM6DSO | Gyro: (X: -89.50 Y: 26.37 Z: 32.82) | Accl: (X: 0.02 Y: 0.15 Z: 0.53)
LSM6DSO | Gyro: (X: -111.74 Y: 19.47 Z: 34.62) | Accl: (X: 0.04 Y: -0.02 Z: 0.74)
LSM6DSO | Gyro: (X: -124.99 Y: 11.37 Z: 31.95) | Accl: (X: 0.06 Y: -0.21 Z: 1.01)
LSM6DSO | Gyro: (X: -19.02 Y: -20.83 Z: 1.58) | Accl: (X: 0.10 Y: -0.76 Z: 2.00)
LSM6DSO | Gyro: (X: 18.56 Y: -18.00 Z: -1.20) | Accl: (X: 0.13 Y: -0.74 Z: 2.00)
LSM6DSO | Gyro: (X: 52.83 Y: -15.48 Z: -5.26) | Accl: (X: 0.14 Y: -0.64 Z: 1.85)
LSM6DSO | Gyro: (X: 116.00 Y: -19.55 Z: -13.60) | Accl: (X: 0.20 Y: -0.08 Z: 1.06)
LSM6DSO | Gyro: (X: 121.18 Y: -18.24 Z: -16.90) | Accl: (X: 0.22 Y: 0.05 Z: 0.85)
LSM6DSO | Gyro: (X: 117.74 Y: -26.48 Z: -23.31) | Accl: (X: 0.19 Y: 0.19 Z: 0.61)
LSM6DSO | Gyro: (X: 26.03 Y: 6.17 Z: -7.18) | Accl: (X: -0.02 Y: 0.63 Z: 0.15)
LSM6DSO | Gyro: (X: -2.76 Y: 13.82 Z: 3.45) | Accl: (X: -0.05 Y: 0.59 Z: 0.17)
LSM6DSO | Gyro: (X: -23.54 Y: 9.13 Z: 13.34) | Accl: (X: -0.04 Y: 0.54 Z: 0.17)
LSM6DSO | Gyro: (X: -157.85 Y: 38.05 Z: 30.89) | Accl: (X: 0.00 Y: -0.07 Z: 0.79)
LSM6DSO | Gyro: (X: -163.80 Y: 8.63 Z: 24.75) | Accl: (X: -0.02 Y: -0.26 Z: 1.14)
LSM6DSO | Gyro: (X: -150.59 Y: 5.45 Z: 24.40) | Accl: (X: -0.00 Y: -0.43 Z: 1.55)
LSM6DSO | Gyro: (X: 13.00 Y: -4.36 Z: 8.51) | Accl: (X: 0.19 Y: -0.79 Z: 1.98)
LSM6DSO | Gyro: (X: 39.94 Y: -17.75 Z: -7.37) | Accl: (X: 0.20 Y: -0.70 Z: 1.92)
LSM6DSO | Gyro: (X: 62.47 Y: -26.64 Z: -17.91) | Accl: (X: 0.16 Y: -0.63 Z: 1.79)
LSM6DSO | Gyro: (X: 121.62 Y: -17.50 Z: -22.01) | Accl: (X: 0.21 Y: 0.02 Z: 0.88)
LSM6DSO | Gyro: (X: 119.66 Y: -16.18 Z: -23.76) | Accl: (X: 0.22 Y: 0.15 Z: 0.70)
LSM6DSO | Gyro: (X: 114.35 Y: -14.38 Z: -27.53) | Accl: (X: 0.20 Y: 0.29 Z: 0.56)
LSM6DSO | Gyro: (X: 31.75 Y: -12.55 Z: -17.23) | Accl: (X: -0.04 Y: 0.61 Z: 0.15)
LSM6DSO | Gyro: (X: 4.80 Y: -21.19 Z: -7.67) | Accl: (X: -0.05 Y: 0.58 Z: 0.16)
LSM6DSO | Gyro: (X: -15.30 Y: -9.45 Z: 3.15) | Accl: (X: -0.02 Y: 0.57 Z: 0.16)
LSM6DSO | Gyro: (X: -160.66 Y: 67.68 Z: 31.42) | Accl: (X: 0.04 Y: 0.02 Z: 0.53)
LSM6DSO | Gyro: (X: -186.02 Y: 26.69 Z: 30.47) | Accl: (X: -0.00 Y: -0.24 Z: 1.00)
LSM6DSO | Gyro: (X: -183.03 Y: -3.26 Z: 26.05) | Accl: (X: 0.06 Y: -0.46 Z: 1.51)
LSM6DSO | Gyro: (X: 27.89 Y: -10.72 Z: -1.71) | Accl: (X: 0.15 Y: -0.84 Z: 2.00)
LSM6DSO | Gyro: (X: 58.73 Y: -16.88 Z: -10.81) | Accl: (X: 0.18 Y: -0.73 Z: 1.85)
LSM6DSO | Gyro: (X: 72.15 Y: -21.80 Z: -17.23) | Accl: (X: 0.18 Y: -0.63 Z: 1.67)
LSM6DSO | Gyro: (X: 124.47 Y: -19.22 Z: -34.55) | Accl: (X: 0.20 Y: -0.02 Z: 0.95)
LSM6DSO | Gyro: (X: 126.60 Y: -11.65 Z: -35.25) | Accl: (X: 0.16 Y: 0.10 Z: 0.77)
LSM6DSO | Gyro: (X: 121.52 Y: -10.64 Z: -34.62) | Accl: (X: 0.13 Y: 0.23 Z: 0.57)
LSM6DSO | Gyro: (X: 37.88 Y: -13.98 Z: -11.87) | Accl: (X: -0.05 Y: 0.63 Z: 0.18)
LSM6DSO | Gyro: (X: 11.41 Y: -13.81 Z: -2.73) | Accl: (X: -0.06 Y: 0.64 Z: 0.17)
LSM6DSO | Gyro: (X: -7.83 Y: -16.26 Z: 8.60) | Accl: (X: -0.05 Y: 0.59 Z: 0.18)
LSM6DSO | Gyro: (X: -139.98 Y: 51.91 Z: 34.33) | Accl: (X: 0.15 Y: 0.10 Z: 0.47)
LSM6DSO | Gyro: (X: -167.72 Y: 29.25 Z: 27.89) | Accl: (X: 0.08 Y: -0.08 Z: 0.81)
LSM6DSO | Gyro: (X: -176.90 Y: 0.59 Z: 19.64) | Accl: (X: 0.05 Y: -0.31 Z: 1.21)
LSM6DSO | Gyro: (X: -5.64 Y: 0.24 Z: 11.77) | Accl: (X: 0.14 Y: -0.81 Z: 2.00)
LSM6DSO | Gyro: (X: 22.69 Y: -10.05 Z: 1.43) | Accl: (X: 0.18 Y: -0.78 Z: 1.93)
LSM6DSO | Gyro: (X: 41.60 Y: -20.50 Z: -8.60) | Accl: (X: 0.20 Y: -0.71 Z: 1.84)
LSM6DSO | Gyro: (X: 126.12 Y: -27.11 Z: -27.96) | Accl: (X: 0.19 Y: -0.19 Z: 1.18)
LSM6DSO | Gyro: (X: 133.36 Y: -24.89 Z: -26.34) | Accl: (X: 0.18 Y: -0.05 Z: 0.97)
LSM6DSO | Gyro: (X: 134.00 Y: -24.21 Z: -25.53) | Accl: (X: 0.19 Y: 0.10 Z: 0.75)
LSM6DSO | Gyro: (X: 67.34 Y: -20.15 Z: -21.81) | Accl: (X: 0.11 Y: 0.53 Z: 0.24)
LSM6DSO | Gyro: (X: 46.35 Y: -12.80 Z: -16.56) | Accl: (X: 0.07 Y: 0.61 Z: 0.20)
LSM6DSO | Gyro: (X: 25.97 Y: -4.66 Z: -10.43) | Accl: (X: 0.05 Y: 0.62 Z: 0.17)
LSM6DSO | Gyro: (X: -93.01 Y: 34.95 Z: 25.50) | Accl: (X: 0.17 Y: 0.35 Z: 0.31)
LSM6DSO | Gyro: (X: -117.52 Y: 51.40 Z: 28.13) | Accl: (X: 0.18 Y: 0.22 Z: 0.40)
LSM6DSO | Gyro: (X: -146.28 Y: 53.03 Z: 27.08) | Accl: (X: 0.15 Y: 0.05 Z: 0.60)
LSM6DSO | Gyro: (X: -85.40 Y: -2.31 Z: 1.61) | Accl: (X: 0.06 Y: -0.65 Z: 1.95)
LSM6DSO | Gyro: (X: -41.47 Y: 3.18 Z: 2.34) | Accl: (X: 0.08 Y: -0.73 Z: 1.98)
LSM6DSO | Gyro: (X: -11.65 Y: 0.18 Z: 0.90) | Accl: (X: 0.11 Y: -0.75 Z: 1.96)
LSM6DSO | Gyro: (X: 96.03 Y: -25.41 Z: -17.14) | Accl: (X: 0.14 Y: -0.47 Z: 1.62)
LSM6DSO | Gyro: (X: 118.15 Y: -23.15 Z: -18.24) | Accl: (X: 0.18 Y: -0.34 Z: 1.44)
LSM6DSO | Gyro: (X: 134.05 Y: -20.14 Z: -19.07) | Accl: (X: 0.18 Y: -0.18 Z: 1.15)
LSM6DSO | Gyro: (X: 104.61 Y: -14.69 Z: -23.24) | Accl: (X: 0.11 Y: 0.42 Z: 0.38)
LSM6DSO | Gyro: (X: 81.43 Y: -10.63 Z: -16.61) | Accl: (X: 0.04 Y: 0.51 Z: 0.27)
LSM6DSO | Gyro: (X: 61.68 Y: -10.98 Z: -7.78) | Accl: (X: -0.01 Y: 0.56 Z: 0.23)
LSM6DSO | Gyro: (X: -44.35 Y: -3.02 Z: 32.68) | Accl: (X: 0.20 Y: 0.49 Z: 0.21)
LSM6DSO | Gyro: (X: -70.60 Y: 12.75 Z: 35.46) | Accl: (X: 0.25 Y: 0.45 Z: 0.27)
LSM6DSO | Gyro: (X: -93.80 Y: 22.61 Z: 34.51) | Accl: (X: 0.29 Y: 0.32 Z: 0.39)
LSM6DSO | Gyro: (X: -133.54 Y: 20.66 Z: 17.73) | Accl: (X: 0.12 Y: -0.34 Z: 1.44)
LSM6DSO | Gyro: (X: -112.34 Y: 15.01 Z: 18.12) | Accl: (X: 0.10 Y: -0.47 Z: 1.68)
LSM6DSO | Gyro: (X: -78.76 Y: 6.38 Z: 17.50) | Accl: (X: 0.12 Y: -0.61 Z: 1.85)
LSM6DSO | Gyro: (X: -16.83 Y: 4.85 Z: 6.71) | Accl: (X: 0.22 Y: -0.73 Z: 1.94)
LSM6DSO | Gyro: (X: 67.83 Y: -27.39 Z: -27.44) | Accl: (X: 0.19 Y: -0.53 Z: 1.74)
LSM6DSO | Gyro: (X: 86.30 Y: -32.37 Z: -30.65) | Accl: (X: 0.19 Y: -0.43 Z: 1.59)
LSM6DSO | Gyro: (X: 104.92 Y: -27.35 Z: -30.07) | Accl: (X: 0.19 Y: -0.32 Z: 1.39)
LSM6DSO | Gyro: (X: 111.35 Y: -23.18 Z: -28.91) | Accl: (X: 0.22 Y: 0.28 Z: 0.55)
LSM6DSO | Gyro: (X: 97.36 Y: -23.38 Z: -30.98) | Accl: (X: 0.20 Y: 0.38 Z: 0.46)
LSM6DSO | Gyro: (X: 84.67 Y: -18.06 Z: -30.97) | Accl: (X: 0.16 Y: 0.45 Z: 0.39)
LSM6DSO | Gyro: (X: -13.15 Y: -7.03 Z: 1.64) | Accl: (X: 0.03 Y: 0.63 Z: 0.19)
LSM6DSO | Gyro: (X: -33.84 Y: 5.71 Z: 15.02) | Accl: (X: 0.06 Y: 0.57 Z: 0.23)
LSM6DSO | Gyro: (X: -57.11 Y: 24.61 Z: 29.88) | Accl: (X: 0.12 Y: 0.52 Z: 0.27)
LSM6DSO | Gyro: (X: -150.54 Y: 39.10 Z: 30.60) | Accl: (X: 0.19 Y: -0.09 Z: 0.86)
LSM6DSO | Gyro: (X: -155.68 Y: 29.53 Z: 23.18) | Accl: (X: 0.15 Y: -0.25 Z: 1.15)
LSM6DSO | Gyro: (X: -144.46 Y: 14.31 Z: 16.22) | Accl: (X: 0.12 Y: -0.41 Z: 1.45)
LSM6DSO | Gyro: (X: -11.28 Y: -2.93 Z: 5.67) | Accl: (X: 0.14 Y: -0.80 Z: 1.98)
LSM6DSO | Gyro: (X: 19.90 Y: -10.09 Z: -2.32) | Accl: (X: 0.16 Y: -0.79 Z: 1.99)
LSM6DSO | Gyro: (X: 49.03 Y: -12.48 Z: -8.93) | Accl: (X: 0.17 Y: -0.73 Z: 1.97)
LSM6DSO | Gyro: (X: 154.98 Y: -24.54 Z: -25.56) | Accl: (X: 0.21 Y: -0.15 Z: 1.05)
LSM6DSO | Gyro: (X: 152.44 Y: -28.49 Z: -27.01) | Accl: (X: 0.22 Y: 0.05 Z: 0.79)
LSM6DSO | Gyro: (X: 148.15 Y: -28.12 Z: -28.51) | Accl: (X: 0.25 Y: 0.15 Z: 0.62)
LSM6DSO | Gyro: (X: 58.02 Y: -19.47 Z: -28.39) | Accl: (X: 0.07 Y: 0.59 Z: 0.20)
LSM6DSO | Gyro: (X: 39.07 Y: -14.18 Z: -22.56) | Accl: (X: 0.05 Y: 0.64 Z: 0.19)
LSM6DSO | Gyro: (X: 16.52 Y: -12.65 Z: -13.72) | Accl: (X: 0.01 Y: 0.69 Z: 0.15)
LSM6DSO | Gyro: (X: -86.89 Y: 38.33 Z: 34.70) | Accl: (X: 0.23 Y: 0.45 Z: 0.33)
LSM6DSO | Gyro: (X: -108.12 Y: 41.87 Z: 34.77) | Accl: (X: 0.25 Y: 0.32 Z: 0.44)
LSM6DSO | Gyro: (X: -127.67 Y: 42.33 Z: 32.51) | Accl: (X: 0.24 Y: 0.20 Z: 0.57)
LSM6DSO | Gyro: (X: -113.22 Y: 12.22 Z: 12.77) | Accl: (X: 0.05 Y: -0.47 Z: 1.69)
LSM6DSO | Gyro: (X: -80.75 Y: 7.65 Z: 13.14) | Accl: (X: 0.01 Y: -0.58 Z: 1.79)
LSM6DSO | Gyro: (X: -55.09 Y: 5.02 Z: 14.18) | Accl: (X: 0.02 Y: -0.64 Z: 1.83)
LSM6DSO | Gyro: (X: 62.61 Y: -22.74 Z: -0.52) | Accl: (X: 0.15 Y: -0.55 Z: 1.68)
LSM6DSO | Gyro: (X: 77.68 Y: -25.66 Z: -3.95) | Accl: (X: 0.19 Y: -0.49 Z: 1.57)
LSM6DSO | Gyro: (X: 96.50 Y: -30.10 Z: -9.56) | Accl: (X: 0.23 Y: -0.38 Z: 1.48)
LSM6DSO | Gyro: (X: 133.98 Y: -31.10 Z: -27.47) | Accl: (X: 0.21 Y: 0.16 Z: 0.70)
LSM6DSO | Gyro: (X: 128.19 Y: -24.92 Z: -26.03) | Accl: (X: 0.22 Y: 0.29 Z: 0.59)
LSM6DSO | Gyro: (X: 117.83 Y: -24.51 Z: -26.15) | Accl: (X: 0.21 Y: 0.41 Z: 0.44)
LSM6DSO | Gyro: (X: 21.85 Y: -3.49 Z: -2.90) | Accl: (X: 0.14 Y: 0.66 Z: 0.18)
LSM6DSO | Gyro: (X: -3.46 Y: -0.90 Z: 4.49) | Accl: (X: 0.15 Y: 0.66 Z: 0.19)
LSM6DSO | Gyro: (X: -26.32 Y: 5.40 Z: 11.72) | Accl: (X: 0.15 Y: 0.62 Z: 0.21)
LSM6DSO | Gyro: (X: -122.38 Y: 67.03 Z: 33.78) | Accl: (X: 0.24 Y: 0.20 Z: 0.52)
LSM6DSO | Gyro: (X: -144.14 Y: 61.74 Z: 29.34) | Accl: (X: 0.20 Y: 0.07 Z: 0.68)
LSM6DSO | Gyro: (X: -159.82 Y: 49.88 Z: 22.22) | Accl: (X: 0.14 Y: -0.07 Z: 0.95)
LSM6DSO | Gyro: (X: -82.50 Y: 17.45 Z: 16.92) | Accl: (X: -0.01 Y: -0.62 Z: 1.86)
LSM6DSO | Gyro: (X: -41.42 Y: 11.55 Z: 14.05) | Accl: (X: 0.03 Y: -0.66 Z: 1.92)
LSM6DSO | Gyro: (X: -12.31 Y: 2.69 Z: 7.94) | Accl: (X: 0.05 Y: -0.71 Z: 1.90)
LSM6DSO | Gyro: (X: 148.13 Y: -35.17 Z: -21.99) | Accl: (X: 0.09 Y: -0.54 Z: 1.88)
LSM6DSO | Gyro: (X: 189.65 Y: -33.18 Z: -23.06) | Accl: (X: 0.14 Y: -0.39 Z: 1.53)
LSM6DSO | Gyro: (X: 210.27 Y: -34.81 Z: -25.36) | Accl: (X: 0.17 Y: -0.23 Z: 1.13)
LSM6DSO | Gyro: (X: 133.96 Y: -56.59 Z: -40.92) | Accl: (X: 0.18 Y: 0.43 Z: 0.23)
LSM6DSO | Gyro: (X: 106.93 Y: -45.15 Z: -35.28) | Accl: (X: 0.14 Y: 0.54 Z: 0.18)
LSM6DSO | Gyro: (X: 80.15 Y: -33.52 Z: -25.95) | Accl: (X: 0.09 Y: 0.57 Z: 0.15)
LSM6DSO | Gyro: (X: -34.82 Y: 9.64 Z: 32.46) | Accl: (X: 0.11 Y: 0.65 Z: 0.27)
LSM6DSO | Gyro: (X: -52.40 Y: 23.93 Z: 39.16) | Accl: (X: 0.18 Y: 0.60 Z: 0.35)
LSM6DSO | Gyro: (X: -69.89 Y: 35.35 Z: 45.94) | Accl: (X: 0.18 Y: 0.54 Z: 0.44)
LSM6DSO | Gyro: (X: -94.52 Y: 40.37 Z: 33.83) | Accl: (X: 0.32 Y: 0.13 Z: 1.05)
LSM6DSO | Gyro: (X: -87.19 Y: 36.01 Z: 21.13) | Accl: (X: 0.29 Y: 0.05 Z: 1.16)
LSM6DSO | Gyro: (X: -80.17 Y: 19.56 Z: 7.67) | Accl: (X: 0.26 Y: -0.01 Z: 1.25)
LSM6DSO | Gyro: (X: -24.08 Y: -35.44 Z: -23.70) | Accl: (X: 0.16 Y: -0.12 Z: 1.40)
LSM6DSO | Gyro: (X: -13.36 Y: -42.99 Z: -25.81) | Accl: (X: 0.22 Y: -0.11 Z: 1.35)
LSM6DSO | Gyro: (X: -3.82 Y: -55.97 Z: -32.88) | Accl: (X: 0.28 Y: -0.08 Z: 1.28)
LSM6DSO | Gyro: (X: 3.82 Y: -132.05 Z: -85.43) | Accl: (X: 0.44 Y: 0.02 Z: 1.03)
LSM6DSO | Gyro: (X: 1.31 Y: -153.40 Z: -98.39) | Accl: (X: 0.47 Y: 0.04 Z: 0.99)
LSM6DSO | Gyro: (X: -2.07 Y: -169.45 Z: -111.63) | Accl: (X: 0.49 Y: 0.05 Z: 0.95)
LSM6DSO | Gyro: (X: -21.02 Y: -177.65 Z: -142.33) | Accl: (X: 0.61 Y: 0.13 Z: 0.83)
LSM6DSO | Gyro: (X: -22.30 Y: -152.92 Z: -136.51) | Accl: (X: 0.61 Y: 0.17 Z: 0.83)
LSM6DSO | Gyro: (X: -20.75 Y: -133.38 Z: -130.16) | Accl: (X: 0.57 Y: 0.21 Z: 0.82)
LSM6DSO | Gyro: (X: 45.04 Y: 124.03 Z: 42.17) | Accl: (X: -0.12 Y: 0.34 Z: 0.87)
LSM6DSO | Gyro: (X: 53.72 Y: 149.05 Z: 103.51) | Accl: (X: -0.14 Y: 0.36 Z: 0.72)
LSM6DSO | Gyro: (X: 49.00 Y: 174.26 Z: 146.89) | Accl: (X: -0.03 Y: 0.33 Z: 0.62)
LSM6DSO | Gyro: (X: -37.01 Y: -14.48 Z: 80.14) | Accl: (X: 1.09 Y: 0.09 Z: 0.76)
LSM6DSO | Gyro: (X: -46.31 Y: -60.86 Z: 24.84) | Accl: (X: 1.29 Y: 0.02 Z: 0.90)
LSM6DSO | Gyro: (X: -41.76 Y: -105.70 Z: -38.87) | Accl: (X: 1.23 Y: 0.09 Z: 1.01)
LSM6DSO | Gyro: (X: 22.47 Y: 31.50 Z: -19.07) | Accl: (X: 0.12 Y: 0.11 Z: 1.08)
LSM6DSO | Gyro: (X: 35.89 Y: 56.13 Z: 27.79) | Accl: (X: 0.05 Y: 0.14 Z: 0.94)
LSM6DSO | Gyro: (X: 37.17 Y: 60.72 Z: 56.46) | Accl: (X: 0.22 Y: 0.11 Z: 0.76)
LSM6DSO | Gyro: (X: -20.36 Y: -50.14 Z: -48.92) | Accl: (X: 0.84 Y: 0.06 Z: 1.11)
LSM6DSO | Gyro: (X: 2.79 Y: -23.91 Z: -47.17) | Accl: (X: 0.55 Y: 0.08 Z: 1.15)
LSM6DSO | Gyro: (X: 29.52 Y: 12.38 Z: -23.02) | Accl: (X: 0.28 Y: 0.14 Z: 1.13)
LSM6DSO | Gyro: (X: 7.32 Y: 7.99 Z: 42.44) | Accl: (X: 0.84 Y: 0.24 Z: 0.46)
LSM6DSO | Gyro: (X: -24.02 Y: -26.45 Z: 11.20) | Accl: (X: 0.93 Y: 0.18 Z: 0.54)
LSM6DSO | Gyro: (X: -39.32 Y: -32.79 Z: -15.41) | Accl: (X: 0.85 Y: 0.16 Z: 0.83)
LSM6DSO | Gyro: (X: 30.72 Y: 38.52 Z: 32.17) | Accl: (X: 0.35 Y: 0.16 Z: 0.76)
LSM6DSO | Gyro: (X: 12.94 Y: 5.74 Z: 27.76) | Accl: (X: 0.63 Y: 0.19 Z: 0.57)
LSM6DSO | Gyro: (X: -12.43 Y: -39.48 Z: -3.06) | Accl: (X: 0.91 Y: 0.17 Z: 0.54)
LSM6DSO | Gyro: (X: 31.20 Y: 47.48 Z: 15.97) | Accl: (X: 0.03 Y: 0.13 Z: 1.21)
LSM6DSO | Gyro: (X: 53.69 Y: 66.16 Z: 54.74) | Accl: (X: 0.07 Y: 0.13 Z: 0.93)
LSM6DSO | Gyro: (X: 47.16 Y: 54.22 Z: 72.51) | Accl: (X: 0.40 Y: 0.16 Z: 0.60)
LSM6DSO | Gyro: (X: -16.12 Y: -6.07 Z: -26.23) | Accl: (X: 0.43 Y: 0.08 Z: 1.21)
LSM6DSO | Gyro: (X: 24.01 Y: 52.47 Z: 9.05) | Accl: (X: 0.14 Y: 0.12 Z: 1.32)
LSM6DSO | Gyro: (X: 61.35 Y: 104.89 Z: 54.36) | Accl: (X: -0.11 Y: 0.14 Z: 1.09)
LSM6DSO | Gyro: (X: -52.60 Y: -74.69 Z: -2.65) | Accl: (X: 1.24 Y: 0.10 Z: 0.65)
LSM6DSO | Gyro: (X: -52.26 Y: -63.87 Z: -43.21) | Accl: (X: 0.95 Y: 0.07 Z: 1.10)
LSM6DSO | Gyro: (X: -29.55 Y: -24.81 Z: -44.97) | Accl: (X: 0.54 Y: 0.01 Z: 1.20)
LSM6DSO | Gyro: (X: 37.99 Y: 40.99 Z: 10.68) | Accl: (X: 0.11 Y: 0.10 Z: 1.08)
LSM6DSO | Gyro: (X: -10.56 Y: -28.68 Z: 13.95) | Accl: (X: 0.88 Y: 0.13 Z: 0.56)
LSM6DSO | Gyro: (X: -33.46 Y: -42.93 Z: -10.74) | Accl: (X: 0.88 Y: 0.12 Z: 0.79)
LSM6DSO | Gyro: (X: -20.38 Y: -3.55 Z: -13.61) | Accl: (X: 0.56 Y: 0.03 Z: 1.06)
LSM6DSO | Gyro: (X: -3.95 Y: -36.40 Z: -5.58) | Accl: (X: 0.87 Y: 0.13 Z: 0.59)
LSM6DSO | Gyro: (X: -31.43 Y: -51.91 Z: -35.80) | Accl: (X: 0.83 Y: 0.12 Z: 0.78)
LSM6DSO | Gyro: (X: -27.82 Y: -30.07 Z: -38.22) | Accl: (X: 0.57 Y: 0.04 Z: 1.00)
LSM6DSO | Gyro: (X: 5.36 Y: -20.14 Z: 5.07) | Accl: (X: 0.79 Y: 0.13 Z: 0.57)
LSM6DSO | Gyro: (X: -24.38 Y: -48.86 Z: -24.18) | Accl: (X: 0.91 Y: 0.12 Z: 0.68)
LSM6DSO | Gyro: (X: -33.55 Y: -43.89 Z: -39.99) | Accl: (X: 0.68 Y: 0.06 Z: 0.94)
LSM6DSO | Gyro: (X: 40.06 Y: 53.36 Z: 68.23) | Accl: (X: 0.43 Y: 0.16 Z: 0.70)
LSM6DSO | Gyro: (X: 20.86 Y: 21.20 Z: 53.52) | Accl: (X: 0.71 Y: 0.16 Z: 0.54)
LSM6DSO | Gyro: (X: -8.93 Y: -20.01 Z: 22.24) | Accl: (X: 0.91 Y: 0.13 Z: 0.59)
LSM6DSO | Gyro: (X: 32.56 Y: 58.95 Z: 51.49) | Accl: (X: 0.24 Y: 0.04 Z: 0.96)
LSM6DSO | Gyro: (X: 25.93 Y: 39.63 Z: 54.52) | Accl: (X: 0.50 Y: 0.09 Z: 0.68)
LSM6DSO | Gyro: (X: -2.65 Y: -15.60 Z: 23.59) | Accl: (X: 0.86 Y: 0.12 Z: 0.58)
LSM6DSO | Gyro: (X: 22.51 Y: 28.70 Z: 2.82) | Accl: (X: 0.11 Y: 0.00 Z: 1.23)
LSM6DSO | Gyro: (X: 44.25 Y: 47.45 Z: 32.85) | Accl: (X: 0.22 Y: 0.00 Z: 0.99)
LSM6DSO | Gyro: (X: 36.22 Y: 23.54 Z: 39.64) | Accl: (X: 0.52 Y: 0.09 Z: 0.67)
LSM6DSO | Gyro: (X: 4.07 Y: 0.28 Z: -13.55) | Accl: (X: 0.28 Y: 0.02 Z: 1.14)
LSM6DSO | Gyro: (X: 26.85 Y: 21.68 Z: 11.31) | Accl: (X: 0.25 Y: 0.04 Z: 1.03)
LSM6DSO | Gyro: (X: 38.04 Y: 30.62 Z: 29.71) | Accl: (X: 0.45 Y: 0.06 Z: 0.75)
LSM6DSO | Gyro: (X: -4.63 Y: -6.76 Z: -21.43) | Accl: (X: 0.31 Y: 0.04 Z: 1.15)
LSM6DSO | Gyro: (X: 20.55 Y: 14.89 Z: 4.45) | Accl: (X: 0.24 Y: 0.06 Z: 1.08)
LSM6DSO | Gyro: (X: 33.92 Y: 27.66 Z: 24.82) | Accl: (X: 0.36 Y: 0.09 Z: 0.87)
LSM6DSO | Gyro: (X: -13.60 Y: -1.60 Z: -6.05) | Accl: (X: 0.49 Y: 0.07 Z: 0.91)
LSM6DSO | Gyro: (X: -5.13 Y: 9.65 Z: 3.24) | Accl: (X: 0.40 Y: 0.07 Z: 1.01)
LSM6DSO | Gyro: (X: 8.20 Y: 21.74 Z: 16.57) | Accl: (X: 0.36 Y: 0.07 Z: 0.95)
LSM6DSO | Gyro: (X: 13.60 Y: 38.18 Z: 39.44) | Accl: (X: 0.39 Y: 0.11 Z: 0.92)
LSM6DSO | Gyro: (X: 24.55 Y: 83.92 Z: 77.67) | Accl: (X: 0.58 Y: 0.11 Z: 0.72)
LSM6DSO | Gyro: (X: 12.73 Y: 79.30 Z: 67.85) | Accl: (X: 0.67 Y: 0.12 Z: 0.71)
LSM6DSO | Gyro: (X: 5.76 Y: 82.06 Z: 58.32) | Accl: (X: 0.60 Y: 0.09 Z: 0.78)
LSM6DSO | Gyro: (X: -21.83 Y: 61.58 Z: 32.43) | Accl: (X: 0.33 Y: -0.01 Z: 0.92)
LSM6DSO | Gyro: (X: -24.52 Y: 62.07 Z: 33.06) | Accl: (X: 0.24 Y: -0.04 Z: 0.94)
LSM6DSO | Gyro: (X: -29.45 Y: 53.41 Z: 34.03) | Accl: (X: 0.20 Y: -0.06 Z: 0.97)
LSM6DSO | Gyro: (X: -84.10 Y: -185.10 Z: -95.10) | Accl: (X: 0.64 Y: -0.22 Z: 1.16)
LSM6DSO | Gyro: (X: -83.79 Y: -217.16 Z: -122.29) | Accl: (X: 0.67 Y: -0.27 Z: 1.20)
LSM6DSO | Gyro: (X: -77.80 Y: -238.70 Z: -142.55) | Accl: (X: 0.65 Y: -0.27 Z: 1.22)
LSM6DSO | Gyro: (X: -60.66 Y: -286.68 Z: -159.98) | Accl: (X: 0.80 Y: -0.07 Z: 0.78)
LSM6DSO | Gyro: (X: -60.70 Y: -281.51 Z: -153.34) | Accl: (X: 0.83 Y: -0.05 Z: 0.65)
LSM6DSO | Gyro: (X: -58.35 Y: -253.16 Z: -145.09) | Accl: (X: 0.83 Y: 0.03 Z: 0.57)
LSM6DSO | Gyro: (X: -12.87 Y: -26.78 Z: -30.02) | Accl: (X: 0.59 Y: 0.07 Z: 0.69)
LSM6DSO | Gyro: (X: 14.38 Y: 25.00 Z: 9.87) | Accl: (X: 0.58 Y: 0.08 Z: 0.66)
LSM6DSO | Gyro: (X: 34.81 Y: 55.55 Z: 37.04) | Accl: (X: 0.65 Y: 0.11 Z: 0.59)
LSM6DSO | Gyro: (X: 71.51 Y: 216.71 Z: 115.76) | Accl: (X: 0.92 Y: -0.08 Z: 0.80)
LSM6DSO | Gyro: (X: 101.50 Y: 277.47 Z: 144.81) | Accl: (X: 0.86 Y: -0.11 Z: 0.87)
LSM6DSO | Gyro: (X: 125.79 Y: 286.68 Z: 167.30) | Accl: (X: 0.88 Y: -0.14 Z: 0.83)
LSM6DSO | Gyro: (X: 134.71 Y: 286.68 Z: 160.72) | Accl: (X: 0.86 Y: -0.07 Z: 0.95)
LSM6DSO | Gyro: (X: 131.85 Y: 286.68 Z: 141.71) | Accl: (X: 0.70 Y: -0.05 Z: 0.91)
LSM6DSO | Gyro: (X: 125.25 Y: 286.68 Z: 123.73) | Accl: (X: 0.54 Y: 0.02 Z: 0.90)
LSM6DSO | Gyro: (X: 58.37 Y: 179.89 Z: 55.64) | Accl: (X: 0.07 Y: 0.13 Z: 0.89)
LSM6DSO | Gyro: (X: 48.21 Y: 137.22 Z: 32.89) | Accl: (X: 0.03 Y: 0.11 Z: 0.90)
LSM6DSO | Gyro: (X: 35.81 Y: 98.35 Z: 7.95) | Accl: (X: -0.05 Y: 0.13 Z: 0.87)
LSM6DSO | Gyro: (X: 18.94 Y: 19.90 Z: -21.54) | Accl: (X: -0.36 Y: 0.15 Z: 1.10)
LSM6DSO | Gyro: (X: 21.94 Y: 11.43 Z: -15.46) | Accl: (X: -0.38 Y: 0.14 Z: 1.08)
LSM6DSO | Gyro: (X: 24.41 Y: 6.61 Z: -6.84) | Accl: (X: -0.40 Y: 0.15 Z: 1.04)
LSM6DSO | Gyro: (X: 16.07 Y: -40.49 Z: -4.44) | Accl: (X: -0.15 Y: 0.20 Z: 0.93)
LSM6DSO | Gyro: (X: 9.37 Y: -57.58 Z: -10.89) | Accl: (X: -0.14 Y: 0.23 Z: 0.89)
LSM6DSO | Gyro: (X: 0.04 Y: -82.75 Z: -18.26) | Accl: (X: -0.15 Y: 0.24 Z: 0.86)
LSM6DSO | Gyro: (X: -33.49 Y: -180.57 Z: -42.75) | Accl: (X: 0.12 Y: 0.20 Z: 0.75)
LSM6DSO | Gyro: (X: -49.54 Y: -192.83 Z: -50.99) | Accl: (X: 0.24 Y: 0.16 Z: 0.72)
LSM6DSO | Gyro: (X: -70.45 Y: -211.51 Z: -67.19) | Accl: (X: 0.40 Y: 0.14 Z: 0.78)
LSM6DSO | Gyro: (X: -90.10 Y: -268.33 Z: -148.51) | Accl: (X: 0.60 Y: -0.02 Z: 1.09)
LSM6DSO | Gyro: (X: -88.19 Y: -286.68 Z: -159.07) | Accl: (X: 0.60 Y: -0.01 Z: 1.05)
LSM6DSO | Gyro: (X: -87.90 Y: -286.68 Z: -165.08) | Accl: (X: 0.61 Y: -0.01 Z: 0.99)
LSM6DSO | Gyro: (X: -81.94 Y: -229.80 Z: -127.93) | Accl: (X: 0.90 Y: 0.05 Z: 0.74)
LSM6DSO | Gyro: (X: -70.20 Y: -181.89 Z: -114.15) | Accl: (X: 0.87 Y: 0.08 Z: 0.74)
LSM6DSO | Gyro: (X: -54.37 Y: -147.85 Z: -100.45) | Accl: (X: 0.83 Y: 0.09 Z: 0.69)
LSM6DSO | Gyro: (X: -11.12 Y: -27.75 Z: -29.37) | Accl: (X: 0.72 Y: 0.17 Z: 0.53)
LSM6DSO | Gyro: (X: -7.24 Y: -14.33 Z: -15.13) | Accl: (X: 0.69 Y: 0.17 Z: 0.54)
LSM6DSO | Gyro: (X: -2.49 Y: -5.67 Z: -3.36) | Accl: (X: 0.70 Y: 0.17 Z: 0.54)
LSM6DSO | Gyro: (X: 15.62 Y: 15.62 Z: 27.44) | Accl: (X: 0.81 Y: 0.17 Z: 0.51)
LSM6DSO | Gyro: (X: 16.34 Y: 20.36 Z: 31.05) | Accl: (X: 0.83 Y: 0.15 Z: 0.52)
LSM6DSO | Gyro: (X: 17.83 Y: 30.13 Z: 35.26) | Accl: (X: 0.86 Y: 0.15 Z: 0.53)
LSM6DSO | Gyro: (X: 19.21 Y: 38.28 Z: 39.10) | Accl: (X: 0.85 Y: 0.12 Z: 0.51)
LSM6DSO | Gyro: (X: 15.44 Y: 30.15 Z: 36.99) | Accl: (X: 0.85 Y: 0.11 Z: 0.52)
LSM6DSO | Gyro: (X: 12.58 Y: 24.03 Z: 34.59) | Accl: (X: 0.85 Y: 0.09 Z: 0.54)
LSM6DSO | Gyro: (X: 2.40 Y: 1.84 Z: 13.27) | Accl: (X: 0.93 Y: 0.07 Z: 0.55)
LSM6DSO | Gyro: (X: 0.72 Y: -0.77 Z: 8.50) | Accl: (X: 0.92 Y: 0.06 Z: 0.57)
LSM6DSO | Gyro: (X: -0.02 Y: -1.88 Z: 5.28) | Accl: (X: 0.89 Y: 0.06 Z: 0.58)
LSM6DSO | Gyro: (X: 3.62 Y: 1.79 Z: 5.63) | Accl: (X: 0.85 Y: 0.05 Z: 0.61)
LSM6DSO | Gyro: (X: 5.57 Y: 4.51 Z: 6.41) | Accl: (X: 0.84 Y: 0.05 Z: 0.61)
LSM6DSO | Gyro: (X: 7.16 Y: 7.10 Z: 7.68) | Accl: (X: 0.83 Y: 0.05 Z: 0.60)
LSM6DSO | Gyro: (X: 9.26 Y: 14.45 Z: 12.28) | Accl: (X: 0.82 Y: 0.06 Z: 0.58)
LSM6DSO | Gyro: (X: 9.56 Y: 19.22 Z: 14.03) | Accl: (X: 0.82 Y: 0.07 Z: 0.59)
LSM6DSO | Gyro: (X: 9.94 Y: 22.70 Z: 15.75) | Accl: (X: 0.80 Y: 0.06 Z: 0.60)
LSM6DSO | Gyro: (X: 11.14 Y: 25.59 Z: 20.83) | Accl: (X: 0.78 Y: 0.05 Z: 0.60)
LSM6DSO | Gyro: (X: 18.57 Y: 47.08 Z: 31.22) | Accl: (X: 0.77 Y: 0.05 Z: 0.62)
LSM6DSO | Gyro: (X: 17.82 Y: 47.64 Z: 34.06) | Accl: (X: 0.75 Y: 0.05 Z: 0.60)
LSM6DSO | Gyro: (X: 14.74 Y: 46.03 Z: 37.07) | Accl: (X: 0.73 Y: 0.04 Z: 0.61)
LSM6DSO | Gyro: (X: 16.35 Y: 47.01 Z: 48.65) | Accl: (X: 0.73 Y: -0.03 Z: 0.77)
LSM6DSO | Gyro: (X: 20.15 Y: 51.69 Z: 50.94) | Accl: (X: 0.73 Y: -0.04 Z: 0.78)
LSM6DSO | Gyro: (X: 22.99 Y: 52.99 Z: 52.22) | Accl: (X: 0.71 Y: -0.04 Z: 0.77)
LSM6DSO | Gyro: (X: 21.17 Y: 48.48 Z: 55.00) | Accl: (X: 0.70 Y: -0.06 Z: 0.75)
LSM6DSO | Gyro: (X: 18.31 Y: 43.77 Z: 52.88) | Accl: (X: 0.70 Y: -0.08 Z: 0.77)
LSM6DSO | Gyro: (X: 17.55 Y: 40.99 Z: 51.02) | Accl: (X: 0.70 Y: -0.09 Z: 0.79)
LSM6DSO | Gyro: (X: 20.80 Y: 28.78 Z: 34.64) | Accl: (X: 0.68 Y: -0.10 Z: 0.81)
LSM6DSO | Gyro: (X: 19.25 Y: 26.50 Z: 31.86) | Accl: (X: 0.66 Y: -0.10 Z: 0.80)
LSM6DSO | Gyro: (X: 16.95 Y: 22.89 Z: 28.93) | Accl: (X: 0.66 Y: -0.10 Z: 0.80)
LSM6DSO | Gyro: (X: 8.60 Y: 11.26 Z: 15.34) | Accl: (X: 0.65 Y: -0.11 Z: 0.82)
LSM6DSO | Gyro: (X: 7.30 Y: 9.62 Z: 12.01) | Accl: (X: 0.65 Y: -0.11 Z: 0.83)
LSM6DSO | Gyro: (X: 6.59 Y: 7.07 Z: 8.57) | Accl: (X: 0.65 Y: -0.11 Z: 0.83)
LSM6DSO | Gyro: (X: 3.79 Y: 0.03 Z: -1.90) | Accl: (X: 0.61 Y: -0.10 Z: 0.83)
LSM6DSO | Gyro: (X: 2.86 Y: -1.49 Z: -3.52) | Accl: (X: 0.60 Y: -0.10 Z: 0.83)
LSM6DSO | Gyro: (X: 1.64 Y: -3.17 Z: -4.63) | Accl: (X: 0.58 Y: -0.09 Z: 0.83)
LSM6DSO | Gyro: (X: 3.54 Y: -3.17 Z: -1.58) | Accl: (X: 0.55 Y: -0.09 Z: 0.84)
LSM6DSO | Gyro: (X: 3.33 Y: -3.08 Z: 0.11) | Accl: (X: 0.56 Y: -0.09 Z: 0.83)
LSM6DSO | Gyro: (X: 2.58 Y: -1.92 Z: 1.69) | Accl: (X: 0.57 Y: -0.09 Z: 0.83)
LSM6DSO | Gyro: (X: 4.07 Y: -2.84 Z: -2.19) | Accl: (X: 0.60 Y: -0.09 Z: 0.82)
LSM6DSO | Gyro: (X: 2.72 Y: -4.54 Z: -3.53) | Accl: (X: 0.58 Y: -0.09 Z: 0.81)
LSM6DSO | Gyro: (X: 0.76 Y: -4.88 Z: -3.10) | Accl: (X: 0.57 Y: -0.10 Z: 0.81)
LSM6DSO | Gyro: (X: 3.82 Y: -0.60 Z: -1.39) | Accl: (X: 0.61 Y: -0.10 Z: 0.85)
LSM6DSO | Gyro: (X: 4.48 Y: -1.05 Z: -2.37) | Accl: (X: 0.60 Y: -0.10 Z: 0.83)
LSM6DSO | Gyro: (X: 3.25 Y: -2.35 Z: -2.94) | Accl: (X: 0.58 Y: -0.10 Z: 0.81)
LSM6DSO | Gyro: (X: 1.28 Y: -2.90 Z: -3.18) | Accl: (X: 0.60 Y: -0.11 Z: 0.86)
LSM6DSO | Gyro: (X: 2.41 Y: -3.33 Z: -3.54) | Accl: (X: 0.60 Y: -0.10 Z: 0.85)
LSM6DSO | Gyro: (X: 2.69 Y: -2.78 Z: -3.44) | Accl: (X: 0.59 Y: -0.11 Z: 0.84)
LSM6DSO | Gyro: (X: 1.35 Y: -2.38 Z: -2.71) | Accl: (X: 0.59 Y: -0.11 Z: 0.85)
LSM6DSO | Gyro: (X: 2.10 Y: -1.86 Z: -2.52) | Accl: (X: 0.59 Y: -0.11 Z: 0.85)
LSM6DSO | Gyro: (X: 2.76 Y: -1.70 Z: -2.75) | Accl: (X: 0.59 Y: -0.10 Z: 0.85)
LSM6DSO | Gyro: (X: 2.62 Y: -7.20 Z: -3.61) | Accl: (X: 0.59 Y: -0.10 Z: 0.85)
LSM6DSO | Gyro: (X: 2.95 Y: -7.45 Z: -4.06) | Accl: (X: 0.60 Y: -0.10 Z: 0.84)
LSM6DSO | Gyro: (X: 3.51 Y: -10.03 Z: -5.62) | Accl: (X: 0.61 Y: -0.09 Z: 0.84)
LSM6DSO | Gyro: (X: -0.21 Y: -23.64 Z: -14.74) | Accl: (X: 0.62 Y: -0.09 Z: 0.82)
LSM6DSO | Gyro: (X: -0.90 Y: -25.84 Z: -16.23) | Accl: (X: 0.63 Y: -0.09 Z: 0.81)
LSM6DSO | Gyro: (X: -1.71 Y: -26.98 Z: -17.04) | Accl: (X: 0.63 Y: -0.09 Z: 0.81)
LSM6DSO | Gyro: (X: -8.09 Y: -51.74 Z: -23.19) | Accl: (X: 0.65 Y: -0.10 Z: 0.79)
LSM6DSO | Gyro: (X: -8.50 Y: -56.39 Z: -24.41) | Accl: (X: 0.67 Y: -0.09 Z: 0.78)
LSM6DSO | Gyro: (X: -9.52 Y: -61.31 Z: -25.34) | Accl: (X: 0.67 Y: -0.09 Z: 0.76)
LSM6DSO | Gyro: (X: -18.25 Y: -87.66 Z: -36.59) | Accl: (X: 0.80 Y: -0.07 Z: 0.68)
LSM6DSO | Gyro: (X: -19.73 Y: -90.60 Z: -40.78) | Accl: (X: 0.81 Y: -0.06 Z: 0.67)
LSM6DSO | Gyro: (X: -20.21 Y: -96.69 Z: -44.55) | Accl: (X: 0.83 Y: -0.05 Z: 0.67)
LSM6DSO | Gyro: (X: -40.01 Y: -121.66 Z: -71.54) | Accl: (X: 0.94 Y: -0.02 Z: 0.46)
LSM6DSO | Gyro: (X: -45.06 Y: -116.67 Z: -72.22) | Accl: (X: 0.97 Y: -0.02 Z: 0.45)
LSM6DSO | Gyro: (X: -48.90 Y: -104.86 Z: -70.42) | Accl: (X: 0.93 Y: 0.00 Z: 0.48)
LSM6DSO | Gyro: (X: -26.91 Y: -50.64 Z: -44.17) | Accl: (X: 0.85 Y: 0.03 Z: 0.49)
LSM6DSO | Gyro: (X: -21.00 Y: -29.06 Z: -33.56) | Accl: (X: 0.85 Y: 0.03 Z: 0.49)
LSM6DSO | Gyro: (X: -13.48 Y: -7.27 Z: -20.68) | Accl: (X: 0.83 Y: 0.02 Z: 0.50)
LSM6DSO | Gyro: (X: 32.12 Y: 73.96 Z: 19.65) | Accl: (X: 0.91 Y: 0.04 Z: 0.51)
LSM6DSO | Gyro: (X: 40.76 Y: 95.61 Z: 28.09) | Accl: (X: 0.90 Y: 0.03 Z: 0.49)
LSM6DSO | Gyro: (X: 43.77 Y: 107.76 Z: 36.45) | Accl: (X: 0.87 Y: 0.02 Z: 0.48)
LSM6DSO | Gyro: (X: 56.19 Y: 161.15 Z: 63.83) | Accl: (X: 0.86 Y: -0.03 Z: 0.68)
LSM6DSO | Gyro: (X: 64.17 Y: 172.51 Z: 67.22) | Accl: (X: 0.83 Y: -0.01 Z: 0.68)
LSM6DSO | Gyro: (X: 65.64 Y: 166.35 Z: 66.68) | Accl: (X: 0.82 Y: 0.00 Z: 0.66)
LSM6DSO | Gyro: (X: 53.79 Y: 187.95 Z: 67.48) | Accl: (X: 0.66 Y: 0.01 Z: 0.76)
LSM6DSO | Gyro: (X: 53.05 Y: 190.82 Z: 68.33) | Accl: (X: 0.64 Y: 0.04 Z: 0.75)
LSM6DSO | Gyro: (X: 50.02 Y: 188.17 Z: 64.87) | Accl: (X: 0.61 Y: 0.05 Z: 0.75)
LSM6DSO | Gyro: (X: 23.31 Y: 170.98 Z: 47.97) | Accl: (X: 0.31 Y: 0.07 Z: 0.92)
LSM6DSO | Gyro: (X: 25.76 Y: 178.45 Z: 52.17) | Accl: (X: 0.19 Y: 0.10 Z: 0.98)
LSM6DSO | Gyro: (X: 30.43 Y: 197.51 Z: 65.00) | Accl: (X: 0.06 Y: 0.07 Z: 0.97)
LSM6DSO | Gyro: (X: 15.52 Y: 165.89 Z: 84.64) | Accl: (X: 0.04 Y: 0.05 Z: 0.99)
LSM6DSO | Gyro: (X: 13.24 Y: 163.29 Z: 79.53) | Accl: (X: 0.03 Y: 0.05 Z: 1.04)
LSM6DSO | Gyro: (X: 13.41 Y: 155.10 Z: 71.15) | Accl: (X: 0.00 Y: 0.04 Z: 1.01)
LSM6DSO | Gyro: (X: -9.02 Y: 13.01 Z: -12.05) | Accl: (X: -0.10 Y: -0.04 Z: 1.17)
LSM6DSO | Gyro: (X: -2.46 Y: -5.31 Z: -23.87) | Accl: (X: -0.15 Y: -0.04 Z: 1.21)
LSM6DSO | Gyro: (X: 4.63 Y: -15.53 Z: -29.48) | Accl: (X: -0.20 Y: -0.05 Z: 1.19)
LSM6DSO | Gyro: (X: 8.40 Y: -44.60 Z: -29.69) | Accl: (X: -0.18 Y: 0.01 Z: 0.99)
LSM6DSO | Gyro: (X: 1.75 Y: -62.28 Z: -33.85) | Accl: (X: -0.13 Y: 0.02 Z: 0.99)
LSM6DSO | Gyro: (X: -1.69 Y: -77.73 Z: -40.19) | Accl: (X: -0.09 Y: 0.02 Z: 1.02)
LSM6DSO | Gyro: (X: -2.57 Y: -112.18 Z: -57.05) | Accl: (X: -0.05 Y: 0.05 Z: 1.05)
LSM6DSO | Gyro: (X: -9.23 Y: -141.72 Z: -67.14) | Accl: (X: 0.03 Y: 0.04 Z: 0.95)
LSM6DSO | Gyro: (X: -16.30 Y: -156.16 Z: -72.14) | Accl: (X: 0.10 Y: 0.04 Z: 0.95)
LSM6DSO | Gyro: (X: -22.68 Y: -168.66 Z: -79.36) | Accl: (X: 0.18 Y: 0.03 Z: 0.96)
LSM6DSO | Gyro: (X: -40.56 Y: -225.00 Z: -112.80) | Accl: (X: 0.35 Y: -0.01 Z: 0.99)
LSM6DSO | Gyro: (X: -42.74 Y: -234.67 Z: -113.01) | Accl: (X: 0.37 Y: -0.03 Z: 0.95)
LSM6DSO | Gyro: (X: -47.18 Y: -243.41 Z: -111.64) | Accl: (X: 0.47 Y: -0.05 Z: 0.88)
LSM6DSO | Gyro: (X: -56.27 Y: -269.19 Z: -134.19) | Accl: (X: 0.80 Y: 0.04 Z: 0.74)
LSM6DSO | Gyro: (X: -57.99 Y: -277.18 Z: -137.37) | Accl: (X: 0.79 Y: 0.05 Z: 0.71)
LSM6DSO | Gyro: (X: -54.01 Y: -275.54 Z: -133.52) | Accl: (X: 0.80 Y: 0.10 Z: 0.63)
LSM6DSO | Gyro: (X: -51.05 Y: -122.18 Z: -77.90) | Accl: (X: 0.97 Y: 0.15 Z: 0.33)
LSM6DSO | Gyro: (X: -54.27 Y: -94.22 Z: -70.83) | Accl: (X: 0.89 Y: 0.21 Z: 0.39)
LSM6DSO | Gyro: (X: -49.16 Y: -89.07 Z: -64.12) | Accl: (X: 0.89 Y: 0.21 Z: 0.39)
LSM6DSO | Gyro: (X: -33.98 Y: -35.90 Z: -38.60) | Accl: (X: 0.84 Y: 0.19 Z: 0.40)
LSM6DSO | Gyro: (X: -24.53 Y: -28.63 Z: -30.89) | Accl: (X: 0.80 Y: 0.20 Z: 0.43)
LSM6DSO | Gyro: (X: -17.12 Y: -37.23 Z: -26.41) | Accl: (X: 0.87 Y: 0.22 Z: 0.35)
LSM6DSO | Gyro: (X: 5.70 Y: 14.11 Z: 12.31) | Accl: (X: 0.80 Y: 0.20 Z: 0.44)
LSM6DSO | Gyro: (X: 14.76 Y: 23.01 Z: 22.09) | Accl: (X: 0.81 Y: 0.20 Z: 0.43)
LSM6DSO | Gyro: (X: 22.07 Y: 24.30 Z: 28.36) | Accl: (X: 0.87 Y: 0.21 Z: 0.41)
LSM6DSO | Gyro: (X: 31.92 Y: 36.87 Z: 34.29) | Accl: (X: 0.92 Y: 0.18 Z: 0.36)
LSM6DSO | Gyro: (X: 35.13 Y: 43.94 Z: 37.71) | Accl: (X: 0.91 Y: 0.17 Z: 0.37)
LSM6DSO | Gyro: (X: 37.95 Y: 47.49 Z: 41.62) | Accl: (X: 0.91 Y: 0.16 Z: 0.36)
LSM6DSO | Gyro: (X: 36.21 Y: 46.22 Z: 45.60) | Accl: (X: 0.94 Y: 0.15 Z: 0.32)
LSM6DSO | Gyro: (X: 31.61 Y: 43.22 Z: 45.42) | Accl: (X: 0.93 Y: 0.14 Z: 0.32)
LSM6DSO | Gyro: (X: 28.04 Y: 43.56 Z: 46.44) | Accl: (X: 0.93 Y: 0.13 Z: 0.34)
LSM6DSO | Gyro: (X: 27.30 Y: 62.76 Z: 39.74) | Accl: (X: 1.01 Y: 0.07 Z: 0.50)
LSM6DSO | Gyro: (X: 33.22 Y: 74.96 Z: 40.64) | Accl: (X: 0.92 Y: 0.05 Z: 0.55)
LSM6DSO | Gyro: (X: 38.12 Y: 78.64 Z: 43.24) | Accl: (X: 0.88 Y: 0.06 Z: 0.53)
LSM6DSO | Gyro: (X: 25.48 Y: 53.95 Z: 36.50) | Accl: (X: 0.87 Y: 0.05 Z: 0.54)
LSM6DSO | Gyro: (X: 22.22 Y: 46.60 Z: 32.05) | Accl: (X: 0.87 Y: 0.04 Z: 0.57)
LSM6DSO | Gyro: (X: 20.68 Y: 42.14 Z: 28.54) | Accl: (X: 0.86 Y: 0.04 Z: 0.59)
LSM6DSO | Gyro: (X: 16.73 Y: 17.84 Z: 7.80) | Accl: (X: 0.84 Y: 0.04 Z: 0.61)
LSM6DSO | Gyro: (X: 16.05 Y: 13.24 Z: 5.14) | Accl: (X: 0.84 Y: 0.03 Z: 0.61)
LSM6DSO | Gyro: (X: 14.46 Y: 12.09 Z: 3.72) | Accl: (X: 0.84 Y: 0.03 Z: 0.60)
LSM6DSO | Gyro: (X: 14.32 Y: 9.06 Z: -5.26) | Accl: (X: 0.81 Y: 0.04 Z: 0.57)
LSM6DSO | Gyro: (X: 11.06 Y: 9.77 Z: -4.35) | Accl: (X: 0.80 Y: 0.04 Z: 0.58)
LSM6DSO | Gyro: (X: 8.79 Y: 9.56 Z: -3.45) | Accl: (X: 0.79 Y: 0.04 Z: 0.57)
LSM6DSO | Gyro: (X: -1.52 Y: 1.07 Z: 3.31) | Accl: (X: 0.77 Y: 0.03 Z: 0.64)
LSM6DSO | Gyro: (X: -1.51 Y: 2.41 Z: 5.07) | Accl: (X: 0.78 Y: 0.03 Z: 0.65)
LSM6DSO | Gyro: (X: -0.69 Y: 5.07 Z: 6.40) | Accl: (X: 0.79 Y: 0.02 Z: 0.66)
LSM6DSO | Gyro: (X: 0.45 Y: 6.48 Z: 7.18) | Accl: (X: 0.80 Y: 0.02 Z: 0.67)
LSM6DSO | Gyro: (X: 5.39 Y: 6.36 Z: 2.89) | Accl: (X: 0.80 Y: 0.02 Z: 0.67)
LSM6DSO | Gyro: (X: 4.84 Y: 3.57 Z: 1.70) | Accl: (X: 0.78 Y: 0.02 Z: 0.67)
LSM6DSO | Gyro: (X: 3.91 Y: 1.10 Z: 1.29) | Accl: (X: 0.77 Y: 0.02 Z: 0.66)
LSM6DSO | Gyro: (X: 2.77 Y: 0.41 Z: -0.38) | Accl: (X: 0.79 Y: 0.02 Z: 0.68)
LSM6DSO | Gyro: (X: 3.57 Y: -0.70 Z: -1.45) | Accl: (X: 0.78 Y: 0.03 Z: 0.68)
LSM6DSO | Gyro: (X: 3.92 Y: -2.49 Z: -2.19) | Accl: (X: 0.78 Y: 0.03 Z: 0.67)
LSM6DSO | Gyro: (X: 4.66 Y: -1.13 Z: -0.71) | Accl: (X: 0.77 Y: 0.03 Z: 0.66)
LSM6DSO | Gyro: (X: 4.46 Y: -0.91 Z: -0.55) | Accl: (X: 0.78 Y: 0.03 Z: 0.66)
LSM6DSO | Gyro: (X: 4.09 Y: -1.23 Z: -0.88) | Accl: (X: 0.78 Y: 0.03 Z: 0.65)
LSM6DSO | Gyro: (X: 4.14 Y: -0.67 Z: -1.05) | Accl: (X: 0.79 Y: 0.03 Z: 0.68)
LSM6DSO | Gyro: (X: 4.99 Y: 0.10 Z: -1.24) | Accl: (X: 0.79 Y: 0.03 Z: 0.67)
LSM6DSO | Gyro: (X: 5.07 Y: 0.60 Z: -1.39) | Accl: (X: 0.79 Y: 0.03 Z: 0.66)
LSM6DSO | Gyro: (X: 2.61 Y: -1.10 Z: -3.22) | Accl: (X: 0.78 Y: 0.03 Z: 0.66)
LSM6DSO | Gyro: (X: 2.43 Y: -1.58 Z: -3.18) | Accl: (X: 0.78 Y: 0.02 Z: 0.66)
LSM6DSO | Gyro: (X: 2.93 Y: -1.33 Z: -3.04) | Accl: (X: 0.78 Y: 0.03 Z: 0.67)
LSM6DSO | Gyro: (X: 5.01 Y: 1.37 Z: -1.56) | Accl: (X: 0.77 Y: 0.04 Z: 0.66)
LSM6DSO | Gyro: (X: 4.37 Y: -0.26 Z: -1.66) | Accl: (X: 0.77 Y: 0.04 Z: 0.66)
LSM6DSO | Gyro: (X: 3.79 Y: -0.41 Z: -1.27) | Accl: (X: 0.77 Y: 0.04 Z: 0.66)
LSM6DSO | Gyro: (X: 3.69 Y: -0.47 Z: -0.63) | Accl: (X: 0.76 Y: 0.04 Z: 0.66)
LSM6DSO | Gyro: (X: 4.19 Y: -1.85 Z: -0.37) | Accl: (X: 0.79 Y: 0.03 Z: 0.68)
LSM6DSO | Gyro: (X: 5.14 Y: -2.13 Z: -1.34) | Accl: (X: 0.79 Y: 0.03 Z: 0.68)
LSM6DSO | Gyro: (X: 6.05 Y: -1.69 Z: -1.79) | Accl: (X: 0.79 Y: 0.03 Z: 0.68)
LSM6DSO | Gyro: (X: 7.32 Y: -0.15 Z: -2.13) | Accl: (X: 0.79 Y: 0.03 Z: 0.69)
LSM6DSO | Gyro: (X: 8.78 Y: -0.04 Z: -3.03) | Accl: (X: 0.81 Y: 0.03 Z: 0.73)
LSM6DSO | Gyro: (X: 13.61 Y: 1.15 Z: -4.79) | Accl: (X: 0.82 Y: 0.02 Z: 0.75)
LSM6DSO | Gyro: (X: 42.72 Y: 9.20 Z: -15.77) | Accl: (X: 0.77 Y: 0.04 Z: 0.73)
LSM6DSO | Gyro: (X: 46.18 Y: 12.07 Z: -14.94) | Accl: (X: 0.76 Y: 0.06 Z: 0.72)
LSM6DSO | Gyro: (X: 47.63 Y: 15.73 Z: -12.06) | Accl: (X: 0.75 Y: 0.06 Z: 0.71)
LSM6DSO | Gyro: (X: 81.50 Y: 27.85 Z: -14.10) | Accl: (X: 0.78 Y: 0.13 Z: 0.74)
LSM6DSO | Gyro: (X: 81.48 Y: 22.64 Z: -15.35) | Accl: (X: 0.72 Y: 0.15 Z: 0.56)
LSM6DSO | Gyro: (X: 70.26 Y: 19.32 Z: -13.19) | Accl: (X: 0.68 Y: 0.16 Z: 0.46)
LSM6DSO | Gyro: (X: 12.79 Y: 5.04 Z: -11.70) | Accl: (X: 0.73 Y: 0.21 Z: 0.69)
LSM6DSO | Gyro: (X: 14.71 Y: 1.53 Z: -13.77) | Accl: (X: 0.72 Y: 0.20 Z: 0.74)
LSM6DSO | Gyro: (X: 18.57 Y: 0.03 Z: -14.12) | Accl: (X: 0.70 Y: 0.21 Z: 0.75)
LSM6DSO | Gyro: (X: 7.06 Y: 8.10 Z: 2.84) | Accl: (X: 0.66 Y: 0.27 Z: 0.58)
LSM6DSO | Gyro: (X: 0.60 Y: 9.99 Z: 5.40) | Accl: (X: 0.65 Y: 0.27 Z: 0.59)
LSM6DSO | Gyro: (X: -4.65 Y: 12.65 Z: 8.12) | Accl: (X: 0.66 Y: 0.26 Z: 0.61)
LSM6DSO | Gyro: (X: -13.52 Y: 36.22 Z: 21.44) | Accl: (X: 0.65 Y: 0.22 Z: 0.71)
LSM6DSO | Gyro: (X: -12.98 Y: 34.69 Z: 21.97) | Accl: (X: 0.66 Y: 0.22 Z: 0.73)
LSM6DSO | Gyro: (X: -12.58 Y: 30.41 Z: 21.48) | Accl: (X: 0.67 Y: 0.21 Z: 0.73)
LSM6DSO | Gyro: (X: -14.45 Y: 14.52 Z: 11.81) | Accl: (X: 0.68 Y: 0.14 Z: 0.86)
LSM6DSO | Gyro: (X: -9.13 Y: 7.99 Z: 8.45) | Accl: (X: 0.69 Y: 0.13 Z: 0.87)
LSM6DSO | Gyro: (X: -4.63 Y: 5.86 Z: 6.09) | Accl: (X: 0.68 Y: 0.12 Z: 0.87)
LSM6DSO | Gyro: (X: -0.98 Y: -7.36 Z: -0.82) | Accl: (X: 0.67 Y: 0.14 Z: 0.77)
LSM6DSO | Gyro: (X: -2.39 Y: -6.37 Z: -0.98) | Accl: (X: 0.66 Y: 0.14 Z: 0.76)
LSM6DSO | Gyro: (X: -3.09 Y: -4.15 Z: -0.76) | Accl: (X: 0.67 Y: 0.14 Z: 0.76)
LSM6DSO | Gyro: (X: -5.64 Y: 2.07 Z: 3.92) | Accl: (X: 0.65 Y: 0.13 Z: 0.80)
LSM6DSO | Gyro: (X: -4.16 Y: 4.39 Z: 4.65) | Accl: (X: 0.66 Y: 0.12 Z: 0.80)
LSM6DSO | Gyro: (X: -3.61 Y: 6.05 Z: 4.84) | Accl: (X: 0.67 Y: 0.12 Z: 0.79)
LSM6DSO | Gyro: (X: -8.30 Y: 11.94 Z: 7.40) | Accl: (X: 0.65 Y: 0.11 Z: 0.78)
LSM6DSO | Gyro: (X: -9.20 Y: 14.73 Z: 9.01) | Accl: (X: 0.63 Y: 0.10 Z: 0.77)
LSM6DSO | Gyro: (X: -11.60 Y: 16.93 Z: 10.81) | Accl: (X: 0.63 Y: 0.09 Z: 0.78)
LSM6DSO | Gyro: (X: -15.13 Y: 28.67 Z: 16.92) | Accl: (X: 0.60 Y: 0.09 Z: 0.77)
LSM6DSO | Gyro: (X: -17.73 Y: 28.58 Z: 17.55) | Accl: (X: 0.60 Y: 0.10 Z: 0.76)
LSM6DSO | Gyro: (X: -21.64 Y: 24.94 Z: 16.91) | Accl: (X: 0.61 Y: 0.08 Z: 0.77)
LSM6DSO | Gyro: (X: -24.98 Y: 37.55 Z: 13.46) | Accl: (X: 0.58 Y: 0.05 Z: 0.82)
LSM6DSO | Gyro: (X: -25.88 Y: 37.24 Z: 13.21) | Accl: (X: 0.57 Y: 0.04 Z: 0.84)
LSM6DSO | Gyro: (X: -25.74 Y: 41.81 Z: 14.46) | Accl: (X: 0.57 Y: 0.02 Z: 0.89)
LSM6DSO | Gyro: (X: 6.61 Y: 92.80 Z: 41.57) | Accl: (X: 0.45 Y: -0.01 Z: 1.03)
LSM6DSO | Gyro: (X: 17.75 Y: 96.39 Z: 45.69) | Accl: (X: 0.45 Y: -0.01 Z: 1.01)
LSM6DSO | Gyro: (X: 22.58 Y: 97.82 Z: 47.64) | Accl: (X: 0.45 Y: -0.01 Z: 0.98)
LSM6DSO | Gyro: (X: 27.03 Y: 128.99 Z: 49.85) | Accl: (X: 0.34 Y: 0.02 Z: 0.96)
LSM6DSO | Gyro: (X: 26.42 Y: 131.74 Z: 48.47) | Accl: (X: 0.28 Y: -0.00 Z: 1.00)
LSM6DSO | Gyro: (X: 25.87 Y: 140.52 Z: 50.83) | Accl: (X: 0.19 Y: -0.01 Z: 1.04)
LSM6DSO | Gyro: (X: 32.65 Y: 112.18 Z: 54.39) | Accl: (X: 0.13 Y: -0.03 Z: 1.11)
LSM6DSO | Gyro: (X: 36.72 Y: 97.57 Z: 46.36) | Accl: (X: 0.11 Y: -0.02 Z: 1.11)
LSM6DSO | Gyro: (X: 38.82 Y: 78.95 Z: 35.26) | Accl: (X: 0.10 Y: 0.03 Z: 1.03)
LSM6DSO | Gyro: (X: 11.04 Y: 22.73 Z: 5.45) | Accl: (X: -0.04 Y: 0.05 Z: 1.00)
LSM6DSO | Gyro: (X: 8.19 Y: 11.52 Z: -1.63) | Accl: (X: -0.06 Y: 0.03 Z: 1.03)
LSM6DSO | Gyro: (X: 5.72 Y: -2.48 Z: -7.36) | Accl: (X: -0.05 Y: 0.03 Z: 1.05)
LSM6DSO | Gyro: (X: 1.11 Y: -54.22 Z: -36.51) | Accl: (X: -0.05 Y: 0.05 Z: 1.06)
LSM6DSO | Gyro: (X: 0.50 Y: -66.46 Z: -39.98) | Accl: (X: -0.03 Y: 0.05 Z: 1.06)
LSM6DSO | Gyro: (X: 0.67 Y: -74.93 Z: -43.75) | Accl: (X: 0.01 Y: 0.05 Z: 1.04)
LSM6DSO | Gyro: (X: -4.30 Y: -33.26 Z: -38.22) | Accl: (X: 0.10 Y: 0.07 Z: 0.93)
LSM6DSO | Gyro: (X: -9.24 Y: -27.75 Z: -35.49) | Accl: (X: 0.07 Y: 0.08 Z: 0.93)
LSM6DSO | Gyro: (X: -13.94 Y: -24.52 Z: -31.82) | Accl: (X: 0.05 Y: 0.07 Z: 0.96)
LSM6DSO | Gyro: (X: -13.65 Y: -4.12 Z: -10.27) | Accl: (X: 0.09 Y: -0.00 Z: 1.07)
LSM6DSO | Gyro: (X: -10.87 Y: 0.99 Z: -7.20) | Accl: (X: 0.12 Y: -0.03 Z: 1.09)
LSM6DSO | Gyro: (X: -7.66 Y: 7.07 Z: -6.30) | Accl: (X: 0.12 Y: -0.04 Z: 1.08)
LSM6DSO | Gyro: (X: -12.72 Y: 2.22 Z: -14.02) | Accl: (X: 0.02 Y: -0.06 Z: 1.13)
LSM6DSO | Gyro: (X: -10.19 Y: 2.56 Z: -12.91) | Accl: (X: -0.01 Y: -0.07 Z: 1.15)
LSM6DSO | Gyro: (X: -4.90 Y: -1.15 Z: -11.16) | Accl: (X: -0.03 Y: -0.07 Z: 1.19)
LSM6DSO | Gyro: (X: 24.10 Y: -10.13 Z: 0.28) | Accl: (X: 0.03 Y: 0.07 Z: 1.17)
LSM6DSO | Gyro: (X: 29.58 Y: -13.89 Z: -0.97) | Accl: (X: 0.07 Y: 0.15 Z: 1.08)
LSM6DSO | Gyro: (X: 30.62 Y: -22.51 Z: -3.92) | Accl: (X: 0.10 Y: 0.20 Z: 1.02)
LSM6DSO | Gyro: (X: 24.98 Y: -25.45 Z: -6.24) | Accl: (X: 0.16 Y: 0.29 Z: 0.92)
LSM6DSO | Gyro: (X: 7.73 Y: -12.43 Z: 4.58) | Accl: (X: 0.26 Y: 0.41 Z: 0.96)
LSM6DSO | Gyro: (X: 5.70 Y: -12.00 Z: 3.63) | Accl: (X: 0.32 Y: 0.43 Z: 0.96)
LSM6DSO | Gyro: (X: 2.46 Y: -8.35 Z: 0.53) | Accl: (X: 0.35 Y: 0.42 Z: 0.95)
LSM6DSO | Gyro: (X: -4.62 Y: 8.85 Z: -6.79) | Accl: (X: 0.25 Y: 0.29 Z: 0.97)
LSM6DSO | Gyro: (X: -5.11 Y: 11.95 Z: -7.10) | Accl: (X: 0.23 Y: 0.24 Z: 0.89)
LSM6DSO | Gyro: (X: -10.17 Y: 8.77 Z: -9.84) | Accl: (X: 0.24 Y: 0.18 Z: 0.85)
LSM6DSO | Gyro: (X: -22.51 Y: 21.35 Z: -23.41) | Accl: (X: 0.11 Y: -0.22 Z: 0.87)
LSM6DSO | Gyro: (X: -27.66 Y: 16.36 Z: -25.36) | Accl: (X: 0.03 Y: -0.32 Z: 0.86)
LSM6DSO | Gyro: (X: -34.86 Y: 19.50 Z: -20.17) | Accl: (X: -0.06 Y: -0.44 Z: 0.91)
LSM6DSO | Gyro: (X: -12.49 Y: 4.06 Z: 4.74) | Accl: (X: -0.21 Y: -0.72 Z: 1.24)
LSM6DSO | Gyro: (X: -0.78 Y: -7.66 Z: 9.23) | Accl: (X: -0.21 Y: -0.72 Z: 1.25)
LSM6DSO | Gyro: (X: 11.58 Y: -19.41 Z: 14.41) | Accl: (X: -0.18 Y: -0.68 Z: 1.22)
LSM6DSO | Gyro: (X: 54.59 Y: -21.73 Z: 41.04) | Accl: (X: 0.06 Y: -0.33 Z: 0.90)
LSM6DSO | Gyro: (X: 50.53 Y: -13.51 Z: 44.69) | Accl: (X: 0.16 Y: -0.22 Z: 0.91)
LSM6DSO | Gyro: (X: 47.66 Y: -10.86 Z: 42.52) | Accl: (X: 0.24 Y: -0.16 Z: 0.92)
LSM6DSO | Gyro: (X: 49.45 Y: -16.56 Z: 11.56) | Accl: (X: 0.19 Y: 0.20 Z: 1.13)
LSM6DSO | Gyro: (X: 53.94 Y: -29.99 Z: 9.51) | Accl: (X: 0.15 Y: 0.27 Z: 1.14)
LSM6DSO | Gyro: (X: 57.72 Y: -32.92 Z: 14.03) | Accl: (X: 0.18 Y: 0.35 Z: 1.11)
LSM6DSO | Gyro: (X: 47.42 Y: -16.18 Z: -16.06) | Accl: (X: 0.63 Y: 0.80 Z: 1.01)
LSM6DSO | Gyro: (X: 50.53 Y: -9.85 Z: -26.99) | Accl: (X: 0.51 Y: 0.79 Z: 0.98)
LSM6DSO | Gyro: (X: 51.62 Y: -13.03 Z: -33.07) | Accl: (X: 0.40 Y: 0.82 Z: 0.94)
LSM6DSO | Gyro: (X: -3.03 Y: 7.39 Z: -26.67) | Accl: (X: 0.19 Y: 0.92 Z: 0.46)
LSM6DSO | Gyro: (X: -28.61 Y: 11.33 Z: -19.17) | Accl: (X: 0.17 Y: 0.89 Z: 0.50)
LSM6DSO | Gyro: (X: -51.65 Y: 13.39 Z: -15.99) | Accl: (X: 0.21 Y: 0.84 Z: 0.60)
LSM6DSO | Gyro: (X: -57.90 Y: 14.76 Z: -14.15) | Accl: (X: 0.14 Y: 0.33 Z: 0.78)
LSM6DSO | Gyro: (X: -63.79 Y: 20.83 Z: -8.67) | Accl: (X: 0.10 Y: 0.18 Z: 0.66)
LSM6DSO | Gyro: (X: -76.61 Y: 39.37 Z: 0.50) | Accl: (X: 0.20 Y: -0.01 Z: 0.61)
LSM6DSO | Gyro: (X: -99.90 Y: 17.87 Z: -37.39) | Accl: (X: 0.06 Y: -0.88 Z: 1.15)
LSM6DSO | Gyro: (X: -85.94 Y: 10.69 Z: -44.45) | Accl: (X: -0.06 Y: -0.99 Z: 1.35)
LSM6DSO | Gyro: (X: -55.19 Y: 2.94 Z: -42.95) | Accl: (X: -0.20 Y: -1.09 Z: 1.37)
LSM6DSO | Gyro: (X: 48.86 Y: -24.05 Z: 26.15) | Accl: (X: -0.31 Y: -1.04 Z: 1.43)
LSM6DSO | Gyro: (X: 71.19 Y: -13.40 Z: 44.67) | Accl: (X: -0.22 Y: -0.92 Z: 1.23)
LSM6DSO | Gyro: (X: 81.65 Y: -12.88 Z: 60.24) | Accl: (X: -0.12 Y: -0.78 Z: 1.03)
LSM6DSO | Gyro: (X: 81.02 Y: -19.24 Z: 87.19) | Accl: (X: 0.17 Y: -0.27 Z: 1.01)
LSM6DSO | Gyro: (X: 89.00 Y: -25.31 Z: 83.59) | Accl: (X: 0.26 Y: -0.19 Z: 0.98)
LSM6DSO | Gyro: (X: 94.69 Y: -22.70 Z: 79.56) | Accl: (X: 0.33 Y: -0.08 Z: 0.92)
LSM6DSO | Gyro: (X: 85.80 Y: -40.98 Z: 3.05) | Accl: (X: 0.60 Y: 0.65 Z: 0.81)
LSM6DSO | Gyro: (X: 79.83 Y: -41.24 Z: -10.46) | Accl: (X: 0.52 Y: 0.82 Z: 0.80)
LSM6DSO | Gyro: (X: 74.90 Y: -40.27 Z: -13.30) | Accl: (X: 0.46 Y: 0.95 Z: 0.80)
LSM6DSO | Gyro: (X: 57.74 Y: -20.39 Z: 18.63) | Accl: (X: 0.50 Y: 1.18 Z: 0.71)
LSM6DSO | Gyro: (X: 52.81 Y: -2.24 Z: 21.23) | Accl: (X: 0.61 Y: 1.15 Z: 0.58)
LSM6DSO | Gyro: (X: 41.20 Y: 8.03 Z: 13.86) | Accl: (X: 0.74 Y: 1.12 Z: 0.46)
LSM6DSO | Gyro: (X: -67.06 Y: 4.38 Z: -49.27) | Accl: (X: 0.33 Y: 0.83 Z: 0.25)
LSM6DSO | Gyro: (X: -101.07 Y: 10.66 Z: -46.50) | Accl: (X: 0.24 Y: 0.71 Z: 0.37)
LSM6DSO | Gyro: (X: -118.54 Y: 20.29 Z: -38.85) | Accl: (X: 0.14 Y: 0.58 Z: 0.48)
LSM6DSO | Gyro: (X: -115.75 Y: 34.51 Z: 5.51) | Accl: (X: 0.14 Y: -0.15 Z: 1.02)
LSM6DSO | Gyro: (X: -102.10 Y: 55.76 Z: 12.70) | Accl: (X: 0.27 Y: -0.34 Z: 0.99)
LSM6DSO | Gyro: (X: -94.69 Y: 72.58 Z: 7.16) | Accl: (X: 0.34 Y: -0.43 Z: 0.96)
LSM6DSO | Gyro: (X: -75.64 Y: 24.68 Z: -34.96) | Accl: (X: -0.12 Y: -1.00 Z: 1.24)
LSM6DSO | Gyro: (X: -62.35 Y: 23.52 Z: -32.83) | Accl: (X: -0.23 Y: -1.09 Z: 1.30)
LSM6DSO | Gyro: (X: -49.58 Y: 17.10 Z: -29.31) | Accl: (X: -0.31 Y: -1.15 Z: 1.34)
LSM6DSO | Gyro: (X: 56.15 Y: -18.70 Z: 22.49) | Accl: (X: -0.25 Y: -0.81 Z: 1.19)
LSM6DSO | Gyro: (X: 63.73 Y: -12.91 Z: 38.37) | Accl: (X: -0.15 Y: -0.66 Z: 1.00)
LSM6DSO | Gyro: (X: 58.71 Y: -19.18 Z: 44.56) | Accl: (X: -0.08 Y: -0.55 Z: 0.92)
LSM6DSO | Gyro: (X: 58.49 Y: -22.29 Z: 33.72) | Accl: (X: 0.23 Y: -0.19 Z: 1.07)
LSM6DSO | Gyro: (X: 63.73 Y: -34.08 Z: 22.75) | Accl: (X: 0.23 Y: -0.11 Z: 1.12)
LSM6DSO | Gyro: (X: 72.67 Y: -39.48 Z: 15.02) | Accl: (X: 0.19 Y: -0.01 Z: 1.11)
LSM6DSO | Gyro: (X: 84.16 Y: -26.46 Z: -14.37) | Accl: (X: 0.48 Y: 0.59 Z: 0.76)
LSM6DSO | Gyro: (X: 69.27 Y: -27.12 Z: -23.96) | Accl: (X: 0.47 Y: 0.71 Z: 0.76)
LSM6DSO | Gyro: (X: 51.96 Y: -23.20 Z: -27.94) | Accl: (X: 0.38 Y: 0.77 Z: 0.82)
LSM6DSO | Gyro: (X: 76.95 Y: 4.24 Z: -7.19) | Accl: (X: 0.36 Y: 0.97 Z: 0.82)
LSM6DSO | Gyro: (X: 74.62 Y: 2.07 Z: -9.77) | Accl: (X: 0.41 Y: 1.00 Z: 0.59)
LSM6DSO | Gyro: (X: 62.72 Y: -6.31 Z: -15.93) | Accl: (X: 0.47 Y: 1.02 Z: 0.48)
LSM6DSO | Gyro: (X: 43.12 Y: -18.87 Z: -26.05) | Accl: (X: 0.40 Y: 1.02 Z: 0.35)
LSM6DSO | Gyro: (X: -95.58 Y: 26.87 Z: -11.23) | Accl: (X: 0.19 Y: 0.72 Z: 0.55)
LSM6DSO | Gyro: (X: -107.35 Y: 34.19 Z: -3.10) | Accl: (X: 0.14 Y: 0.63 Z: 0.72)
LSM6DSO | Gyro: (X: -105.39 Y: 33.26 Z: 6.18) | Accl: (X: 0.21 Y: 0.49 Z: 0.86)
LSM6DSO | Gyro: (X: -85.73 Y: 29.08 Z: 0.31) | Accl: (X: 0.26 Y: -0.04 Z: 1.00)
LSM6DSO | Gyro: (X: -80.57 Y: 21.59 Z: -7.88) | Accl: (X: 0.29 Y: -0.12 Z: 1.00)
LSM6DSO | Gyro: (X: -70.53 Y: 36.18 Z: -10.19) | Accl: (X: 0.22 Y: -0.28 Z: 0.99)
LSM6DSO | Gyro: (X: -40.28 Y: 30.20 Z: -8.58) | Accl: (X: 0.07 Y: -0.71 Z: 1.16)
LSM6DSO | Gyro: (X: -30.07 Y: 38.74 Z: -9.84) | Accl: (X: 0.15 Y: -0.75 Z: 1.09)
LSM6DSO | Gyro: (X: -24.70 Y: 33.21 Z: -21.92) | Accl: (X: 0.17 Y: -0.77 Z: 1.06)
LSM6DSO | Gyro: (X: -4.52 Y: -0.46 Z: -15.06) | Accl: (X: -0.49 Y: -0.89 Z: 1.32)
LSM6DSO | Gyro: (X: 16.00 Y: -1.73 Z: 9.48) | Accl: (X: -0.45 Y: -0.85 Z: 1.29)
LSM6DSO | Gyro: (X: 32.72 Y: -1.12 Z: 26.73) | Accl: (X: -0.33 Y: -0.80 Z: 1.21)
LSM6DSO | Gyro: (X: 37.24 Y: -31.82 Z: 28.60) | Accl: (X: 0.03 Y: -0.43 Z: 0.93)
LSM6DSO | Gyro: (X: 34.72 Y: -37.48 Z: 27.02) | Accl: (X: -0.00 Y: -0.38 Z: 0.97)
LSM6DSO | Gyro: (X: 34.70 Y: -35.54 Z: 30.30) | Accl: (X: -0.03 Y: -0.34 Z: 1.01)
LSM6DSO | Gyro: (X: 51.04 Y: -34.67 Z: 28.77) | Accl: (X: 0.28 Y: -0.09 Z: 1.06)
LSM6DSO | Gyro: (X: 56.11 Y: -48.28 Z: 14.36) | Accl: (X: 0.31 Y: -0.04 Z: 1.07)
LSM6DSO | Gyro: (X: 62.84 Y: -49.04 Z: 6.30) | Accl: (X: 0.35 Y: 0.04 Z: 1.09)
LSM6DSO | Gyro: (X: 64.92 Y: -17.92 Z: -6.60) | Accl: (X: 0.33 Y: 0.35 Z: 0.92)
LSM6DSO | Gyro: (X: 57.14 Y: -23.14 Z: -12.53) | Accl: (X: 0.29 Y: 0.35 Z: 0.93)
LSM6DSO | Gyro: (X: 53.67 Y: -28.18 Z: -15.91) | Accl: (X: 0.30 Y: 0.37 Z: 1.07)
LSM6DSO | Gyro: (X: 69.63 Y: -17.69 Z: -31.37) | Accl: (X: 0.30 Y: 0.54 Z: 0.92)
LSM6DSO | Gyro: (X: 64.61 Y: -19.85 Z: -36.08) | Accl: (X: 0.24 Y: 0.61 Z: 0.90)
LSM6DSO | Gyro: (X: 62.40 Y: -28.70 Z: -39.40) | Accl: (X: 0.17 Y: 0.60 Z: 0.90)
LSM6DSO | Gyro: (X: 39.34 Y: -15.30 Z: -6.76) | Accl: (X: 0.10 Y: 0.58 Z: 0.62)
LSM6DSO | Gyro: (X: 26.40 Y: -14.74 Z: -0.31) | Accl: (X: 0.12 Y: 0.57 Z: 0.60)
LSM6DSO | Gyro: (X: 14.74 Y: -13.05 Z: 5.10) | Accl: (X: 0.16 Y: 0.52 Z: 0.63)
LSM6DSO | Gyro: (X: -13.95 Y: 11.52 Z: 26.33) | Accl: (X: 0.30 Y: 0.35 Z: 0.83)
LSM6DSO | Gyro: (X: -16.22 Y: 11.65 Z: 23.42) | Accl: (X: 0.35 Y: 0.31 Z: 0.88)
LSM6DSO | Gyro: (X: -16.79 Y: 11.45 Z: 18.60) | Accl: (X: 0.38 Y: 0.30 Z: 0.94)
LSM6DSO | Gyro: (X: 4.22 Y: 7.06 Z: -6.42) | Accl: (X: 0.28 Y: 0.29 Z: 0.99)
LSM6DSO | Gyro: (X: 3.08 Y: 4.03 Z: -8.11) | Accl: (X: 0.26 Y: 0.29 Z: 0.97)
LSM6DSO | Gyro: (X: 0.02 Y: 3.49 Z: -8.62) | Accl: (X: 0.23 Y: 0.30 Z: 0.97)
LSM6DSO | Gyro: (X: 1.86 Y: -9.93 Z: -9.62) | Accl: (X: 0.22 Y: 0.30 Z: 0.99)
LSM6DSO | Gyro: (X: 3.33 Y: -6.85 Z: -9.81) | Accl: (X: 0.22 Y: 0.29 Z: 0.98)
LSM6DSO | Gyro: (X: 3.24 Y: -5.57 Z: -8.68) | Accl: (X: 0.19 Y: 0.29 Z: 0.95)
LSM6DSO | Gyro: (X: 3.74 Y: -2.70 Z: 1.37) | Accl: (X: 0.19 Y: 0.28 Z: 0.98)
LSM6DSO | Gyro: (X: 4.82 Y: -3.76 Z: 1.99) | Accl: (X: 0.22 Y: 0.28 Z: 0.97)
LSM6DSO | Gyro: (X: 5.88 Y: -2.04 Z: 2.01) | Accl: (X: 0.24 Y: 0.29 Z: 0.96)
LSM6DSO | Gyro: (X: 0.69 Y: -4.15 Z: -5.84) | Accl: (X: 0.22 Y: 0.29 Z: 0.98)
LSM6DSO | Gyro: (X: 3.38 Y: -2.77 Z: -3.87) | Accl: (X: 0.22 Y: 0.30 Z: 0.99)
LSM6DSO | Gyro: (X: 5.86 Y: 1.39 Z: -2.02) | Accl: (X: 0.22 Y: 0.30 Z: 0.97)
LSM6DSO | Gyro: (X: 6.55 Y: 0.27 Z: -1.22) | Accl: (X: 0.22 Y: 0.31 Z: 0.96)
LSM6DSO | Gyro: (X: 0.25 Y: 0.60 Z: -3.82) | Accl: (X: 0.26 Y: 0.31 Z: 0.95)
LSM6DSO | Gyro: (X: -0.21 Y: -2.45 Z: -5.47) | Accl: (X: 0.23 Y: 0.29 Z: 0.97)
LSM6DSO | Gyro: (X: 0.88 Y: -1.47 Z: -4.56) | Accl: (X: 0.22 Y: 0.29 Z: 0.98)
LSM6DSO | Gyro: (X: 4.06 Y: 0.30 Z: 1.01) | Accl: (X: 0.24 Y: 0.30 Z: 0.95)
LSM6DSO | Gyro: (X: 2.78 Y: -0.51 Z: -0.08) | Accl: (X: 0.23 Y: 0.30 Z: 0.96)
LSM6DSO | Gyro: (X: 2.27 Y: -1.54 Z: -0.51) | Accl: (X: 0.22 Y: 0.29 Z: 0.96)
LSM6DSO | Gyro: (X: 4.05 Y: -1.70 Z: -0.86) | Accl: (X: 0.23 Y: 0.31 Z: 0.96)
LSM6DSO | Gyro: (X: 4.19 Y: -1.44 Z: -0.88) | Accl: (X: 0.23 Y: 0.31 Z: 0.96)
LSM6DSO | Gyro: (X: 4.32 Y: 0.40 Z: -0.43) | Accl: (X: 0.22 Y: 0.31 Z: 0.95)
LSM6DSO | Gyro: (X: 2.27 Y: -0.18 Z: 1.74) | Accl: (X: 0.21 Y: 0.31 Z: 0.95)
LSM6DSO | Gyro: (X: 2.46 Y: 1.88 Z: 2.69) | Accl: (X: 0.23 Y: 0.31 Z: 0.94)
LSM6DSO | Gyro: (X: 1.54 Y: 3.30 Z: 1.65) | Accl: (X: 0.24 Y: 0.31 Z: 0.93)
LSM6DSO | Gyro: (X: 6.05 Y: -1.92 Z: -0.16) | Accl: (X: 0.26 Y: 0.42 Z: 0.93)
LSM6DSO | Gyro: (X: 7.04 Y: -1.92 Z: -0.32) | Accl: (X: 0.29 Y: 0.47 Z: 0.90)
LSM6DSO | Gyro: (X: 7.93 Y: 5.06 Z: 0.20) | Accl: (X: 0.33 Y: 0.51 Z: 0.83)
LSM6DSO | Gyro: (X: -32.31 Y: 16.69 Z: -7.18) | Accl: (X: 0.32 Y: 0.61 Z: 0.89)
LSM6DSO | Gyro: (X: -32.59 Y: 18.55 Z: -4.62) | Accl: (X: 0.31 Y: 0.60 Z: 0.94)
LSM6DSO | Gyro: (X: -29.78 Y: 21.32 Z: 0.19) | Accl: (X: 0.36 Y: 0.61 Z: 0.97)
LSM6DSO | Gyro: (X: -43.26 Y: 9.28 Z: -52.23) | Accl: (X: 0.61 Y: 0.55 Z: 0.78)
LSM6DSO | Gyro: (X: -49.46 Y: 8.63 Z: -66.35) | Accl: (X: 0.46 Y: 0.52 Z: 0.85)
LSM6DSO | Gyro: (X: -48.97 Y: 5.03 Z: -73.36) | Accl: (X: 0.28 Y: 0.47 Z: 0.88)
LSM6DSO | Gyro: (X: -55.48 Y: 36.80 Z: -29.01) | Accl: (X: 0.09 Y: 0.14 Z: 0.86)
LSM6DSO | Gyro: (X: -55.81 Y: 32.33 Z: -34.26) | Accl: (X: 0.09 Y: 0.06 Z: 0.91)
LSM6DSO | Gyro: (X: -54.30 Y: 21.54 Z: -39.51) | Accl: (X: 0.02 Y: -0.00 Z: 0.92)
LSM6DSO | Gyro: (X: -48.98 Y: 46.86 Z: -12.52) | Accl: (X: 0.10 Y: -0.51 Z: 0.82)
LSM6DSO | Gyro: (X: -63.80 Y: 25.16 Z: -32.36) | Accl: (X: 0.07 Y: -0.53 Z: 0.93)
LSM6DSO | Gyro: (X: -66.34 Y: -2.67 Z: -50.80) | Accl: (X: -0.12 Y: -0.67 Z: 1.15)
LSM6DSO | Gyro: (X: -3.86 Y: -17.13 Z: 3.92) | Accl: (X: -0.34 Y: -0.82 Z: 1.38)
LSM6DSO | Gyro: (X: 11.35 Y: -24.46 Z: 12.85) | Accl: (X: -0.21 Y: -0.77 Z: 1.29)
LSM6DSO | Gyro: (X: 22.28 Y: -25.09 Z: 18.86) | Accl: (X: -0.01 Y: -0.67 Z: 1.15)
LSM6DSO | Gyro: (X: 8.15 Y: -29.37 Z: 24.82) | Accl: (X: -0.01 Y: -0.31 Z: 1.07)
LSM6DSO | Gyro: (X: 19.78 Y: -17.33 Z: 37.52) | Accl: (X: -0.02 Y: -0.27 Z: 1.11)
LSM6DSO | Gyro: (X: 31.02 Y: -10.81 Z: 47.06) | Accl: (X: 0.09 Y: -0.22 Z: 1.07)
LSM6DSO | Gyro: (X: 34.39 Y: -33.84 Z: 5.75) | Accl: (X: 0.28 Y: 0.15 Z: 1.06)
LSM6DSO | Gyro: (X: 40.14 Y: -33.35 Z: -1.02) | Accl: (X: 0.25 Y: 0.21 Z: 1.09)
LSM6DSO | Gyro: (X: 48.08 Y: -25.68 Z: -2.12) | Accl: (X: 0.22 Y: 0.32 Z: 1.07)
LSM6DSO | Gyro: (X: 21.13 Y: 5.02 Z: -6.13) | Accl: (X: 0.30 Y: 0.72 Z: 1.07)
LSM6DSO | Gyro: (X: 16.82 Y: 7.18 Z: -8.78) | Accl: (X: 0.21 Y: 0.70 Z: 1.22)
LSM6DSO | Gyro: (X: 23.03 Y: 10.53 Z: -5.91) | Accl: (X: 0.18 Y: 0.70 Z: 1.35)
LSM6DSO | Gyro: (X: 49.77 Y: -22.55 Z: -22.74) | Accl: (X: 0.23 Y: 0.78 Z: 0.73)
LSM6DSO | Gyro: (X: 41.31 Y: -15.30 Z: -21.64) | Accl: (X: 0.20 Y: 0.80 Z: 0.61)
LSM6DSO | Gyro: (X: 25.56 Y: -7.39 Z: -16.88) | Accl: (X: 0.18 Y: 0.82 Z: 0.50)
LSM6DSO | Gyro: (X: -45.18 Y: 9.85 Z: -0.25) | Accl: (X: 0.17 Y: 0.55 Z: 0.92)
LSM6DSO | Gyro: (X: -40.34 Y: 17.77 Z: 6.37) | Accl: (X: 0.21 Y: 0.50 Z: 0.95)
LSM6DSO | Gyro: (X: -36.48 Y: 12.59 Z: 5.03) | Accl: (X: 0.26 Y: 0.46 Z: 0.91)
LSM6DSO | Gyro: (X: -73.39 Y: 15.72 Z: -48.76) | Accl: (X: 0.29 Y: 0.01 Z: 0.85)
LSM6DSO | Gyro: (X: -68.65 Y: 8.35 Z: -52.81) | Accl: (X: -0.00 Y: -0.17 Z: 0.84)
LSM6DSO | Gyro: (X: -68.24 Y: 30.13 Z: -33.28) | Accl: (X: -0.18 Y: -0.40 Z: 0.82)
LSM6DSO | Gyro: (X: -48.47 Y: -3.49 Z: -57.57) | Accl: (X: -0.02 Y: -0.95 Z: 1.35)
LSM6DSO | Gyro: (X: -34.17 Y: -13.91 Z: -62.49) | Accl: (X: -0.21 Y: -1.00 Z: 1.35)
LSM6DSO | Gyro: (X: -21.57 Y: -19.45 Z: -54.10) | Accl: (X: -0.38 Y: -1.00 Z: 1.34)
LSM6DSO | Gyro: (X: 38.53 Y: 4.16 Z: 43.81) | Accl: (X: -0.07 Y: -0.62 Z: 0.97)
LSM6DSO | Gyro: (X: 31.30 Y: -2.67 Z: 45.75) | Accl: (X: 0.05 Y: -0.54 Z: 0.88)
LSM6DSO | Gyro: (X: 21.36 Y: -9.06 Z: 39.86) | Accl: (X: 0.13 Y: -0.51 Z: 0.86)
LSM6DSO | Gyro: (X: 49.44 Y: -15.18 Z: 36.51) | Accl: (X: 0.08 Y: -0.19 Z: 1.15)
LSM6DSO | Gyro: (X: 58.27 Y: -20.64 Z: 33.85) | Accl: (X: 0.15 Y: -0.09 Z: 1.05)
LSM6DSO | Gyro: (X: 59.17 Y: -27.32 Z: 28.33) | Accl: (X: 0.21 Y: -0.04 Z: 0.99)
LSM6DSO | Gyro: (X: 56.87 Y: -20.78 Z: -7.02) | Accl: (X: 0.22 Y: 0.30 Z: 1.03)
LSM6DSO | Gyro: (X: 61.03 Y: -17.14 Z: -6.90) | Accl: (X: 0.18 Y: 0.36 Z: 1.02)
LSM6DSO | Gyro: (X: 59.68 Y: 0.04 Z: -3.54) | Accl: (X: 0.20 Y: 0.48 Z: 0.96)
LSM6DSO | Gyro: (X: 51.56 Y: -2.39 Z: -21.72) | Accl: (X: 0.23 Y: 0.81 Z: 1.29)
LSM6DSO | Gyro: (X: 64.43 Y: -7.29 Z: -27.44) | Accl: (X: 0.20 Y: 0.84 Z: 1.20)
LSM6DSO | Gyro: (X: 71.80 Y: -19.23 Z: -34.40) | Accl: (X: 0.15 Y: 0.88 Z: 1.00)
LSM6DSO | Gyro: (X: 20.26 Y: -4.78 Z: -6.30) | Accl: (X: 0.12 Y: 0.94 Z: 0.31)
LSM6DSO | Gyro: (X: -11.82 Y: -0.88 Z: -5.73) | Accl: (X: 0.16 Y: 0.86 Z: 0.26)
LSM6DSO | Gyro: (X: -45.00 Y: 2.93 Z: -4.93) | Accl: (X: 0.12 Y: 0.79 Z: 0.30)
LSM6DSO | Gyro: (X: -88.63 Y: 38.09 Z: 39.51) | Accl: (X: 0.14 Y: 0.27 Z: 1.01)
LSM6DSO | Gyro: (X: -79.89 Y: 31.59 Z: 37.35) | Accl: (X: 0.21 Y: 0.20 Z: 1.06)
LSM6DSO | Gyro: (X: -65.03 Y: 31.17 Z: 30.26) | Accl: (X: 0.34 Y: 0.08 Z: 1.02)
LSM6DSO | Gyro: (X: -70.76 Y: 5.42 Z: -42.36) | Accl: (X: 0.11 Y: -0.36 Z: 0.90)
LSM6DSO | Gyro: (X: -65.53 Y: 14.64 Z: -37.62) | Accl: (X: -0.05 Y: -0.50 Z: 0.95)
LSM6DSO | Gyro: (X: -62.76 Y: 32.26 Z: -26.22) | Accl: (X: -0.11 Y: -0.67 Z: 0.92)
LSM6DSO | Gyro: (X: -37.83 Y: -8.93 Z: -34.35) | Accl: (X: -0.32 Y: -1.13 Z: 1.47)
LSM6DSO | Gyro: (X: -10.67 Y: -22.42 Z: -26.27) | Accl: (X: -0.43 Y: -1.09 Z: 1.55)
LSM6DSO | Gyro: (X: 17.89 Y: -27.84 Z: -10.23) | Accl: (X: -0.45 Y: -1.02 Z: 1.50)
LSM6DSO | Gyro: (X: 47.14 Y: -12.87 Z: 52.67) | Accl: (X: 0.16 Y: -0.50 Z: 0.88)
LSM6DSO | Gyro: (X: 41.07 Y: -21.49 Z: 43.72) | Accl: (X: 0.20 Y: -0.38 Z: 0.96)
LSM6DSO | Gyro: (X: 43.78 Y: -26.46 Z: 36.12) | Accl: (X: 0.18 Y: -0.32 Z: 1.03)
LSM6DSO | Gyro: (X: 71.04 Y: -40.06 Z: 6.72) | Accl: (X: 0.20 Y: 0.03 Z: 1.04)
LSM6DSO | Gyro: (X: 74.95 Y: -37.03 Z: 6.01) | Accl: (X: 0.20 Y: 0.13 Z: 0.99)
LSM6DSO | Gyro: (X: 73.31 Y: -34.23 Z: 4.58) | Accl: (X: 0.26 Y: 0.23 Z: 0.96)
LSM6DSO | Gyro: (X: 62.68 Y: -13.00 Z: -27.57) | Accl: (X: 0.42 Y: 0.76 Z: 0.88)
LSM6DSO | Gyro: (X: 53.93 Y: -6.01 Z: -30.30) | Accl: (X: 0.37 Y: 0.86 Z: 0.99)
LSM6DSO | Gyro: (X: 49.97 Y: 4.66 Z: -30.33) | Accl: (X: 0.29 Y: 0.94 Z: 1.11)
LSM6DSO | Gyro: (X: 76.83 Y: -32.03 Z: -43.99) | Accl: (X: 0.19 Y: 1.15 Z: 0.55)
LSM6DSO | Gyro: (X: 66.57 Y: -41.03 Z: -45.08) | Accl: (X: 0.20 Y: 1.17 Z: 0.37)
LSM6DSO | Gyro: (X: 39.57 Y: -43.31 Z: -41.54) | Accl: (X: 0.20 Y: 1.18 Z: 0.22)
LSM6DSO | Gyro: (X: -111.77 Y: 41.86 Z: 9.57) | Accl: (X: 0.03 Y: 0.59 Z: 0.31)
LSM6DSO | Gyro: (X: -143.22 Y: 85.58 Z: 25.88) | Accl: (X: 0.03 Y: 0.38 Z: 0.41)
LSM6DSO | Gyro: (X: -168.88 Y: 94.91 Z: 34.09) | Accl: (X: 0.05 Y: 0.22 Z: 0.58)
LSM6DSO | Gyro: (X: -87.82 Y: 26.20 Z: -11.53) | Accl: (X: 0.15 Y: -0.77 Z: 0.94)
LSM6DSO | Gyro: (X: -92.33 Y: 25.20 Z: -22.88) | Accl: (X: 0.18 Y: -0.93 Z: 0.96)
LSM6DSO | Gyro: (X: -95.16 Y: 2.01 Z: -45.54) | Accl: (X: 0.14 Y: -0.99 Z: 1.13)
LSM6DSO | Gyro: (X: -7.00 Y: -21.83 Z: -2.49) | Accl: (X: -0.67 Y: -1.16 Z: 1.52)
LSM6DSO | Gyro: (X: 22.73 Y: -18.58 Z: 30.19) | Accl: (X: -0.51 Y: -1.05 Z: 1.50)
LSM6DSO | Gyro: (X: 53.87 Y: -8.15 Z: 56.89) | Accl: (X: -0.22 Y: -0.89 Z: 1.28)
LSM6DSO | Gyro: (X: 50.47 Y: -22.80 Z: 28.59) | Accl: (X: 0.25 Y: -0.18 Z: 0.87)
LSM6DSO | Gyro: (X: 43.86 Y: -30.98 Z: 19.89) | Accl: (X: 0.16 Y: -0.08 Z: 0.98)
LSM6DSO | Gyro: (X: 44.44 Y: -34.95 Z: 18.24) | Accl: (X: 0.11 Y: -0.01 Z: 1.07)
LSM6DSO | Gyro: (X: 61.68 Y: -10.40 Z: 22.58) | Accl: (X: 0.51 Y: 0.56 Z: 1.01)
LSM6DSO | Gyro: (X: 54.65 Y: -13.44 Z: 5.38) | Accl: (X: 0.55 Y: 0.74 Z: 1.01)
LSM6DSO | Gyro: (X: 38.59 Y: -11.47 Z: -5.72) | Accl: (X: 0.51 Y: 0.86 Z: 1.11)
LSM6DSO | Gyro: (X: 83.29 Y: -11.80 Z: -30.98) | Accl: (X: 0.17 Y: 0.77 Z: 0.77)
LSM6DSO | Gyro: (X: 75.78 Y: -24.71 Z: -32.40) | Accl: (X: 0.11 Y: 0.69 Z: 0.54)
LSM6DSO | Gyro: (X: 58.90 Y: -14.28 Z: -26.21) | Accl: (X: 0.14 Y: 0.60 Z: 0.36)
LSM6DSO | Gyro: (X: -60.04 Y: 18.62 Z: 13.51) | Accl: (X: -0.14 Y: 0.23 Z: 0.58)
LSM6DSO | Gyro: (X: -63.28 Y: 28.32 Z: 25.79) | Accl: (X: 0.01 Y: 0.13 Z: 0.76)
LSM6DSO | Gyro: (X: -62.13 Y: 38.46 Z: 28.27) | Accl: (X: 0.12 Y: 0.03 Z: 0.91)
LSM6DSO | Gyro: (X: -52.29 Y: 2.14 Z: -2.70) | Accl: (X: -0.12 Y: -0.25 Z: 1.22)
LSM6DSO | Gyro: (X: -45.20 Y: -3.13 Z: 3.95) | Accl: (X: -0.16 Y: -0.28 Z: 1.37)
LSM6DSO | Gyro: (X: -29.05 Y: -0.99 Z: 13.90) | Accl: (X: -0.12 Y: -0.27 Z: 1.45)
LSM6DSO | Gyro: (X: 9.06 Y: -15.81 Z: 13.19) | Accl: (X: 0.25 Y: 0.03 Z: 1.18)
LSM6DSO | Gyro: (X: 10.32 Y: -20.06 Z: 5.53) | Accl: (X: 0.26 Y: 0.06 Z: 1.19)
LSM6DSO | Gyro: (X: 14.44 Y: -20.43 Z: 0.14) | Accl: (X: 0.24 Y: 0.09 Z: 1.17)
LSM6DSO | Gyro: (X: 18.93 Y: -1.40 Z: -3.93) | Accl: (X: 0.18 Y: 0.18 Z: 0.91)
LSM6DSO | Gyro: (X: 13.02 Y: 1.17 Z: -3.91) | Accl: (X: 0.16 Y: 0.18 Z: 0.88)
LSM6DSO | Gyro: (X: 8.00 Y: -0.92 Z: -5.64) | Accl: (X: 0.15 Y: 0.19 Z: 0.88)
LSM6DSO | Gyro: (X: 3.03 Y: -5.95 Z: -8.65) | Accl: (X: 0.12 Y: 0.17 Z: 0.87)
LSM6DSO | Gyro: (X: -7.01 Y: 6.77 Z: -3.03) | Accl: (X: 0.10 Y: 0.16 Z: 0.85)
LSM6DSO | Gyro: (X: -11.65 Y: 6.99 Z: -2.28) | Accl: (X: 0.10 Y: 0.15 Z: 0.89)
LSM6DSO | Gyro: (X: -15.05 Y: 7.67 Z: -1.50) | Accl: (X: 0.09 Y: 0.13 Z: 0.94)
LSM6DSO | Gyro: (X: -10.86 Y: 9.79 Z: 1.19) | Accl: (X: 0.10 Y: 0.06 Z: 1.08)
LSM6DSO | Gyro: (X: -11.42 Y: 7.89 Z: 0.88) | Accl: (X: 0.13 Y: 0.04 Z: 1.11)
LSM6DSO | Gyro: (X: -10.15 Y: 6.37 Z: -1.11) | Accl: (X: 0.16 Y: 0.03 Z: 1.15)
LSM6DSO | Gyro: (X: 6.41 Y: -0.31 Z: -15.42) | Accl: (X: 0.15 Y: 0.04 Z: 1.09)
LSM6DSO | Gyro: (X: 7.03 Y: -0.88 Z: -15.92) | Accl: (X: 0.15 Y: 0.04 Z: 1.08)
LSM6DSO | Gyro: (X: 8.12 Y: 2.44 Z: -15.35) | Accl: (X: 0.19 Y: 0.05 Z: 1.07)
LSM6DSO | Gyro: (X: 12.03 Y: 12.36 Z: -32.65) | Accl: (X: 0.39 Y: 0.09 Z: 1.02)
LSM6DSO | Gyro: (X: 13.51 Y: 14.31 Z: -41.14) | Accl: (X: 0.36 Y: 0.09 Z: 1.01)
LSM6DSO | Gyro: (X: 15.25 Y: 15.33 Z: -50.57) | Accl: (X: 0.25 Y: 0.09 Z: 0.98)
LSM6DSO | Gyro: (X: 20.86 Y: 0.93 Z: -56.94) | Accl: (X: -0.37 Y: 0.09 Z: 1.00)
LSM6DSO | Gyro: (X: 20.25 Y: 5.60 Z: -45.47) | Accl: (X: -0.46 Y: 0.10 Z: 0.95)
LSM6DSO | Gyro: (X: 19.00 Y: 11.94 Z: -40.56) | Accl: (X: -0.54 Y: 0.16 Z: 0.93)
LSM6DSO | Gyro: (X: -3.95 Y: -39.71 Z: 8.67) | Accl: (X: -0.72 Y: 0.09 Z: 1.03)
LSM6DSO | Gyro: (X: -1.90 Y: -39.20 Z: 24.84) | Accl: (X: -0.66 Y: 0.04 Z: 1.09)
LSM6DSO | Gyro: (X: 7.27 Y: -30.06 Z: 44.26) | Accl: (X: -0.59 Y: 0.07 Z: 1.11)
LSM6DSO | Gyro: (X: 5.46 Y: -32.38 Z: 88.55) | Accl: (X: -0.17 Y: 0.04 Z: 0.92)
LSM6DSO | Gyro: (X: 1.33 Y: -31.24 Z: 94.09) | Accl: (X: -0.10 Y: 0.01 Z: 0.94)
LSM6DSO | Gyro: (X: -1.87 Y: -31.18 Z: 101.06) | Accl: (X: -0.08 Y: -0.01 Z: 0.99)
LSM6DSO | Gyro: (X: 10.16 Y: -5.65 Z: 160.25) | Accl: (X: 0.43 Y: -0.06 Z: 0.94)
LSM6DSO | Gyro: (X: 4.32 Y: -15.65 Z: 162.21) | Accl: (X: 0.58 Y: -0.08 Z: 0.95)
LSM6DSO | Gyro: (X: 3.43 Y: -12.67 Z: 152.43) | Accl: (X: 0.79 Y: -0.11 Z: 0.98)
LSM6DSO | Gyro: (X: -8.83 Y: 0.26 Z: 55.90) | Accl: (X: 0.89 Y: -0.08 Z: 0.96)
LSM6DSO | Gyro: (X: -10.17 Y: 2.22 Z: 45.52) | Accl: (X: 0.90 Y: -0.08 Z: 1.01)
LSM6DSO | Gyro: (X: -6.51 Y: 14.36 Z: 33.78) | Accl: (X: 0.96 Y: -0.10 Z: 1.03)
LSM6DSO | Gyro: (X: 4.47 Y: -1.32 Z: -57.38) | Accl: (X: 0.96 Y: -0.14 Z: 1.10)
LSM6DSO | Gyro: (X: 5.80 Y: 5.54 Z: -68.62) | Accl: (X: 0.88 Y: -0.14 Z: 1.05)
LSM6DSO | Gyro: (X: 3.59 Y: 12.71 Z: -73.48) | Accl: (X: 0.84 Y: -0.14 Z: 1.05)
LSM6DSO | Gyro: (X: 12.87 Y: 22.55 Z: -135.23) | Accl: (X: 0.74 Y: -0.10 Z: 1.02)
LSM6DSO | Gyro: (X: 16.53 Y: 13.55 Z: -149.76) | Accl: (X: 0.59 Y: -0.09 Z: 0.97)
LSM6DSO | Gyro: (X: 15.37 Y: 9.78 Z: -157.57) | Accl: (X: 0.41 Y: -0.10 Z: 0.87)
LSM6DSO | Gyro: (X: -11.91 Y: 29.52 Z: -157.30) | Accl: (X: 0.18 Y: -0.10 Z: 0.83)
LSM6DSO | Gyro: (X: -13.36 Y: 25.41 Z: -167.57) | Accl: (X: 0.04 Y: -0.11 Z: 0.82)
LSM6DSO | Gyro: (X: -17.69 Y: 18.86 Z: -174.44) | Accl: (X: -0.11 Y: -0.10 Z: 0.82)
LSM6DSO | Gyro: (X: -14.68 Y: 31.05 Z: -137.65) | Accl: (X: -0.45 Y: -0.12 Z: 1.05)
LSM6DSO | Gyro: (X: -9.11 Y: 16.24 Z: -137.97) | Accl: (X: -0.51 Y: -0.14 Z: 1.03)
LSM6DSO | Gyro: (X: -6.98 Y: 12.27 Z: -131.78) | Accl: (X: -0.59 Y: -0.12 Z: 1.02)
LSM6DSO | Gyro: (X: -6.07 Y: 6.73 Z: -75.73) | Accl: (X: -0.74 Y: -0.10 Z: 1.06)
LSM6DSO | Gyro: (X: -6.05 Y: 13.01 Z: -61.25) | Accl: (X: -0.80 Y: -0.09 Z: 1.05)
LSM6DSO | Gyro: (X: -8.21 Y: 9.72 Z: -42.46) | Accl: (X: -0.85 Y: -0.09 Z: 1.06)
LSM6DSO | Gyro: (X: 13.23 Y: -12.70 Z: 26.67) | Accl: (X: -0.78 Y: -0.06 Z: 1.16)
LSM6DSO | Gyro: (X: 17.59 Y: -19.52 Z: 33.66) | Accl: (X: -0.75 Y: -0.04 Z: 1.11)
LSM6DSO | Gyro: (X: 18.73 Y: -26.16 Z: 43.77) | Accl: (X: -0.74 Y: -0.01 Z: 1.05)
LSM6DSO | Gyro: (X: 17.25 Y: -14.19 Z: 98.74) | Accl: (X: -0.49 Y: -0.06 Z: 1.07)
LSM6DSO | Gyro: (X: 18.94 Y: -21.84 Z: 103.71) | Accl: (X: -0.46 Y: -0.07 Z: 1.05)
LSM6DSO | Gyro: (X: 20.47 Y: -28.04 Z: 107.79) | Accl: (X: -0.39 Y: -0.11 Z: 1.06)
LSM6DSO | Gyro: (X: 24.34 Y: -46.45 Z: 130.92) | Accl: (X: -0.29 Y: -0.16 Z: 0.84)
LSM6DSO | Gyro: (X: 13.68 Y: -44.43 Z: 145.63) | Accl: (X: -0.23 Y: -0.19 Z: 0.85)
LSM6DSO | Gyro: (X: 11.35 Y: -37.30 Z: 160.29) | Accl: (X: -0.15 Y: -0.24 Z: 0.92)
LSM6DSO | Gyro: (X: 16.52 Y: -31.15 Z: 177.56) | Accl: (X: 0.30 Y: -0.30 Z: 0.97)
LSM6DSO | Gyro: (X: 18.28 Y: -37.83 Z: 173.31) | Accl: (X: 0.32 Y: -0.32 Z: 0.95)
LSM6DSO | Gyro: (X: 18.36 Y: -27.43 Z: 178.05) | Accl: (X: 0.35 Y: -0.33 Z: 0.94)
LSM6DSO | Gyro: (X: 8.83 Y: -16.06 Z: 173.73) | Accl: (X: 0.67 Y: -0.28 Z: 0.95)
LSM6DSO | Gyro: (X: 12.28 Y: -13.09 Z: 161.76) | Accl: (X: 0.76 Y: -0.25 Z: 0.92)
LSM6DSO | Gyro: (X: 12.80 Y: -13.15 Z: 148.98) | Accl: (X: 0.82 Y: -0.24 Z: 0.91)
LSM6DSO | Gyro: (X: -6.12 Y: 5.55 Z: 83.70) | Accl: (X: 0.86 Y: -0.10 Z: 0.83)
LSM6DSO | Gyro: (X: -17.17 Y: 10.54 Z: 77.30) | Accl: (X: 0.85 Y: -0.12 Z: 0.88)
LSM6DSO | Gyro: (X: -24.11 Y: 12.98 Z: 69.68) | Accl: (X: 0.90 Y: -0.14 Z: 0.98)
LSM6DSO | Gyro: (X: 11.99 Y: -10.45 Z: -30.08) | Accl: (X: 1.24 Y: -0.26 Z: 1.29)
LSM6DSO | Gyro: (X: 23.87 Y: -3.32 Z: -56.37) | Accl: (X: 1.27 Y: -0.24 Z: 1.19)
LSM6DSO | Gyro: (X: 28.56 Y: 1.54 Z: -81.83) | Accl: (X: 1.24 Y: -0.23 Z: 1.12)
LSM6DSO | Gyro: (X: 27.56 Y: 29.19 Z: -155.37) | Accl: (X: 0.71 Y: -0.35 Z: 1.08)
LSM6DSO | Gyro: (X: 35.40 Y: 30.36 Z: -170.67) | Accl: (X: 0.64 Y: -0.32 Z: 1.06)
LSM6DSO | Gyro: (X: 41.25 Y: 24.43 Z: -185.96) | Accl: (X: 0.55 Y: -0.32 Z: 1.01)
LSM6DSO | Gyro: (X: 29.29 Y: 5.17 Z: -219.45) | Accl: (X: 0.10 Y: -0.19 Z: 0.69)
LSM6DSO | Gyro: (X: 19.08 Y: 1.36 Z: -221.48) | Accl: (X: 0.01 Y: -0.16 Z: 0.71)
LSM6DSO | Gyro: (X: 15.04 Y: 13.29 Z: -218.04) | Accl: (X: -0.08 Y: -0.11 Z: 0.73)
LSM6DSO | Gyro: (X: -17.71 Y: 43.14 Z: -158.73) | Accl: (X: -0.44 Y: 0.01 Z: 0.64)
LSM6DSO | Gyro: (X: -26.03 Y: 44.23 Z: -142.12) | Accl: (X: -0.41 Y: 0.02 Z: 0.67)
LSM6DSO | Gyro: (X: -35.48 Y: 44.86 Z: -131.41) | Accl: (X: -0.43 Y: 0.01 Z: 0.70)
LSM6DSO | Gyro: (X: -45.41 Y: 27.48 Z: -117.83) | Accl: (X: -0.46 Y: 0.01 Z: 0.92)
LSM6DSO | Gyro: (X: -26.06 Y: 23.44 Z: -92.30) | Accl: (X: -0.52 Y: -0.04 Z: 1.00)
LSM6DSO | Gyro: (X: -26.23 Y: 23.65 Z: -85.22) | Accl: (X: -0.56 Y: -0.04 Z: 0.97)
LSM6DSO | Gyro: (X: -31.42 Y: 24.04 Z: -77.16) | Accl: (X: -0.61 Y: -0.07 Z: 1.00)
LSM6DSO | Gyro: (X: -10.14 Y: 2.66 Z: -28.17) | Accl: (X: -0.91 Y: -0.16 Z: 1.34)
LSM6DSO | Gyro: (X: 0.74 Y: -2.84 Z: -13.27) | Accl: (X: -0.93 Y: -0.16 Z: 1.30)
LSM6DSO | Gyro: (X: 7.33 Y: -9.90 Z: 1.99) | Accl: (X: -0.92 Y: -0.14 Z: 1.28)
LSM6DSO | Gyro: (X: 16.59 Y: -28.81 Z: 63.96) | Accl: (X: -0.78 Y: -0.08 Z: 1.12)
LSM6DSO | Gyro: (X: 19.18 Y: -28.55 Z: 81.72) | Accl: (X: -0.76 Y: -0.10 Z: 1.12)
LSM6DSO | Gyro: (X: 21.60 Y: -29.36 Z: 96.59) | Accl: (X: -0.70 Y: -0.10 Z: 1.09)
LSM6DSO | Gyro: (X: 25.31 Y: -31.59 Z: 148.65) | Accl: (X: -0.41 Y: -0.11 Z: 0.91)
LSM6DSO | Gyro: (X: 24.40 Y: -28.47 Z: 157.27) | Accl: (X: -0.39 Y: -0.11 Z: 0.85)
LSM6DSO | Gyro: (X: 19.85 Y: -32.63 Z: 165.93) | Accl: (X: -0.35 Y: -0.10 Z: 0.83)
LSM6DSO | Gyro: (X: 2.97 Y: -40.95 Z: 201.83) | Accl: (X: -0.01 Y: -0.16 Z: 0.81)
LSM6DSO | Gyro: (X: 2.89 Y: -40.12 Z: 202.90) | Accl: (X: 0.04 Y: -0.16 Z: 0.79)
LSM6DSO | Gyro: (X: 1.41 Y: -36.63 Z: 205.77) | Accl: (X: 0.05 Y: -0.16 Z: 0.74)
LSM6DSO | Gyro: (X: -31.53 Y: -34.55 Z: 226.05) | Accl: (X: 0.34 Y: -0.32 Z: 0.85)
LSM6DSO | Gyro: (X: -29.02 Y: -31.19 Z: 225.08) | Accl: (X: 0.44 Y: -0.35 Z: 0.90)
LSM6DSO | Gyro: (X: -22.08 Y: -23.39 Z: 219.64) | Accl: (X: 0.52 Y: -0.33 Z: 0.92)
LSM6DSO | Gyro: (X: -50.00 Y: -24.08 Z: 149.71) | Accl: (X: 0.82 Y: -0.46 Z: 0.99)
LSM6DSO | Gyro: (X: -45.77 Y: -5.01 Z: 135.37) | Accl: (X: 0.94 Y: -0.45 Z: 1.15)
LSM6DSO | Gyro: (X: -31.34 Y: 0.77 Z: 114.77) | Accl: (X: 1.00 Y: -0.43 Z: 1.18)
LSM6DSO | Gyro: (X: -11.27 Y: -22.92 Z: 13.55) | Accl: (X: 0.91 Y: -0.51 Z: 1.24)
LSM6DSO | Gyro: (X: -3.36 Y: -11.55 Z: 4.24) | Accl: (X: 0.98 Y: -0.51 Z: 1.29)
LSM6DSO | Gyro: (X: 11.32 Y: 1.98 Z: -10.66) | Accl: (X: 1.03 Y: -0.49 Z: 1.31)
LSM6DSO | Gyro: (X: 36.79 Y: -2.75 Z: -113.90) | Accl: (X: 1.05 Y: -0.51 Z: 1.20)
LSM6DSO | Gyro: (X: 47.95 Y: 2.58 Z: -138.55) | Accl: (X: 0.93 Y: -0.48 Z: 1.16)
LSM6DSO | Gyro: (X: 60.46 Y: 9.64 Z: -154.64) | Accl: (X: 0.79 Y: -0.45 Z: 1.06)
LSM6DSO | Gyro: (X: 38.96 Y: 15.97 Z: -205.86) | Accl: (X: 0.54 Y: -0.28 Z: 0.73)
LSM6DSO | Gyro: (X: 33.16 Y: 14.04 Z: -221.04) | Accl: (X: 0.45 Y: -0.27 Z: 0.78)
LSM6DSO | Gyro: (X: 32.52 Y: 13.82 Z: -232.52) | Accl: (X: 0.30 Y: -0.26 Z: 0.79)
LSM6DSO | Gyro: (X: 15.93 Y: 37.89 Z: -221.65) | Accl: (X: 0.09 Y: -0.11 Z: 0.65)
LSM6DSO | Gyro: (X: 7.05 Y: 36.35 Z: -223.91) | Accl: (X: 0.07 Y: -0.10 Z: 0.64)
LSM6DSO | Gyro: (X: -2.61 Y: 30.20 Z: -227.32) | Accl: (X: 0.02 Y: -0.10 Z: 0.64)
LSM6DSO | Gyro: (X: -25.21 Y: 36.66 Z: -214.22) | Accl: (X: -0.33 Y: -0.09 Z: 0.87)
LSM6DSO | Gyro: (X: -22.58 Y: 43.39 Z: -200.61) | Accl: (X: -0.44 Y: -0.09 Z: 0.89)
LSM6DSO | Gyro: (X: -22.87 Y: 55.00 Z: -184.91) | Accl: (X: -0.56 Y: -0.08 Z: 0.84)
LSM6DSO | Gyro: (X: -28.98 Y: 24.73 Z: -92.30) | Accl: (X: -0.72 Y: -0.13 Z: 1.11)
LSM6DSO | Gyro: (X: -23.76 Y: 23.21 Z: -78.50) | Accl: (X: -0.73 Y: -0.13 Z: 1.13)
LSM6DSO | Gyro: (X: -17.88 Y: 24.40 Z: -62.83) | Accl: (X: -0.77 Y: -0.16 Z: 1.10)
LSM6DSO | Gyro: (X: -2.77 Y: 1.09 Z: -1.53) | Accl: (X: -0.85 Y: -0.17 Z: 1.29)
LSM6DSO | Gyro: (X: 7.38 Y: -0.46 Z: 12.54) | Accl: (X: -0.84 Y: -0.15 Z: 1.26)
LSM6DSO | Gyro: (X: 14.00 Y: -7.44 Z: 24.79) | Accl: (X: -0.80 Y: -0.12 Z: 1.20)
LSM6DSO | Gyro: (X: 20.76 Y: -24.82 Z: 75.82) | Accl: (X: -0.57 Y: -0.02 Z: 1.04)
LSM6DSO | Gyro: (X: 23.02 Y: -19.20 Z: 89.64) | Accl: (X: -0.51 Y: -0.01 Z: 1.02)
LSM6DSO | Gyro: (X: 25.25 Y: -14.32 Z: 100.99) | Accl: (X: -0.48 Y: 0.00 Z: 0.96)
LSM6DSO | Gyro: (X: 3.18 Y: -34.93 Z: 130.77) | Accl: (X: -0.41 Y: -0.03 Z: 0.78)
LSM6DSO | Gyro: (X: -2.60 Y: -36.03 Z: 138.91) | Accl: (X: -0.36 Y: -0.02 Z: 0.81)
LSM6DSO | Gyro: (X: -3.74 Y: -37.82 Z: 145.54) | Accl: (X: -0.35 Y: -0.03 Z: 0.82)
LSM6DSO | Gyro: (X: -22.30 Y: -61.65 Z: 201.30) | Accl: (X: -0.26 Y: -0.14 Z: 0.83)
LSM6DSO | Gyro: (X: -26.31 Y: -53.70 Z: 218.69) | Accl: (X: -0.17 Y: -0.21 Z: 0.80)
LSM6DSO | Gyro: (X: -31.36 Y: -49.81 Z: 235.27) | Accl: (X: -0.02 Y: -0.28 Z: 0.82)
LSM6DSO | Gyro: (X: -54.10 Y: -49.56 Z: 215.38) | Accl: (X: 0.43 Y: -0.40 Z: 0.89)
LSM6DSO | Gyro: (X: -54.28 Y: -35.82 Z: 210.70) | Accl: (X: 0.43 Y: -0.46 Z: 1.00)
LSM6DSO | Gyro: (X: -46.33 Y: -24.14 Z: 212.27) | Accl: (X: 0.50 Y: -0.52 Z: 1.05)
LSM6DSO | Gyro: (X: -25.86 Y: -9.50 Z: 121.15) | Accl: (X: 1.07 Y: -0.50 Z: 1.12)
LSM6DSO | Gyro: (X: -18.56 Y: -3.77 Z: 79.35) | Accl: (X: 1.17 Y: -0.49 Z: 1.18)
LSM6DSO | Gyro: (X: -11.31 Y: -11.38 Z: 40.51) | Accl: (X: 1.16 Y: -0.47 Z: 1.19)
LSM6DSO | Gyro: (X: 24.47 Y: -14.06 Z: -66.47) | Accl: (X: 0.52 Y: -0.27 Z: 1.03)
LSM6DSO | Gyro: (X: 26.34 Y: -8.52 Z: -68.29) | Accl: (X: 0.40 Y: -0.20 Z: 0.93)
LSM6DSO | Gyro: (X: 24.52 Y: -2.10 Z: -66.61) | Accl: (X: 0.32 Y: -0.15 Z: 0.84)
LSM6DSO | Gyro: (X: -16.05 Y: 1.50 Z: -68.95) | Accl: (X: 0.16 Y: -0.03 Z: 0.81)
LSM6DSO | Gyro: (X: -21.39 Y: 0.00 Z: -66.90) | Accl: (X: 0.11 Y: -0.05 Z: 0.89)
LSM6DSO | Gyro: (X: -21.67 Y: 9.37 Z: -59.13) | Accl: (X: 0.06 Y: -0.07 Z: 0.95)
LSM6DSO | Gyro: (X: -5.32 Y: 10.70 Z: -25.74) | Accl: (X: 0.06 Y: -0.08 Z: 0.96)
LSM6DSO | Gyro: (X: -9.69 Y: 7.04 Z: -22.57) | Accl: (X: 0.09 Y: -0.09 Z: 0.94)
LSM6DSO | Gyro: (X: -15.38 Y: 6.00 Z: -20.76) | Accl: (X: 0.13 Y: -0.11 Z: 0.95)
LSM6DSO | Gyro: (X: -16.86 Y: 14.79 Z: -17.77) | Accl: (X: 0.03 Y: -0.23 Z: 1.15)
LSM6DSO | Gyro: (X: -16.12 Y: 13.58 Z: -15.46) | Accl: (X: -0.00 Y: -0.27 Z: 1.20)
LSM6DSO | Gyro: (X: -15.71 Y: 13.62 Z: -11.73) | Accl: (X: -0.02 Y: -0.29 Z: 1.26)
LSM6DSO | Gyro: (X: 9.63 Y: -11.82 Z: 8.13) | Accl: (X: 0.11 Y: -0.40 Z: 1.71)
LSM6DSO | Gyro: (X: 24.62 Y: -14.10 Z: 10.53) | Accl: (X: 0.21 Y: -0.41 Z: 1.74)
LSM6DSO | Gyro: (X: 37.56 Y: -18.86 Z: 8.44) | Accl: (X: 0.28 Y: -0.42 Z: 1.74)
LSM6DSO | Gyro: (X: 90.52 Y: -42.79 Z: -28.44) | Accl: (X: 0.42 Y: -0.23 Z: 1.27)
LSM6DSO | Gyro: (X: 91.00 Y: -50.50 Z: -36.32) | Accl: (X: 0.41 Y: -0.17 Z: 1.18)
LSM6DSO | Gyro: (X: 92.72 Y: -46.25 Z: -41.21) | Accl: (X: 0.42 Y: -0.09 Z: 1.11)
LSM6DSO | Gyro: (X: 89.17 Y: -25.40 Z: -51.22) | Accl: (X: 0.28 Y: 0.16 Z: 0.61)
LSM6DSO | Gyro: (X: 82.40 Y: -27.42 Z: -54.72) | Accl: (X: 0.23 Y: 0.20 Z: 0.53)
LSM6DSO | Gyro: (X: 76.13 Y: -31.09 Z: -56.94) | Accl: (X: 0.16 Y: 0.22 Z: 0.47)
LSM6DSO | Gyro: (X: 27.48 Y: 0.28 Z: -31.77) | Accl: (X: -0.08 Y: 0.23 Z: 0.26)
LSM6DSO | Gyro: (X: 11.95 Y: 8.51 Z: -20.94) | Accl: (X: -0.15 Y: 0.24 Z: 0.26)
LSM6DSO | Gyro: (X: -1.23 Y: 4.51 Z: -5.86) | Accl: (X: -0.19 Y: 0.23 Z: 0.29)
LSM6DSO | Gyro: (X: -25.90 Y: 1.76 Z: 13.50) | Accl: (X: 0.11 Y: 0.15 Z: 0.34)
LSM6DSO | Gyro: (X: -33.66 Y: 11.78 Z: 13.90) | Accl: (X: 0.11 Y: 0.16 Z: 0.37)
LSM6DSO | Gyro: (X: -40.96 Y: 11.44 Z: 13.22) | Accl: (X: 0.11 Y: 0.21 Z: 0.42)
LSM6DSO | Gyro: (X: -62.63 Y: 36.79 Z: 39.73) | Accl: (X: 0.17 Y: 0.17 Z: 0.60)
LSM6DSO | Gyro: (X: -71.42 Y: 34.28 Z: 37.85) | Accl: (X: 0.17 Y: 0.13 Z: 0.60)
LSM6DSO | Gyro: (X: -83.06 Y: 33.93 Z: 36.01) | Accl: (X: 0.12 Y: 0.09 Z: 0.67)
LSM6DSO | Gyro: (X: -104.47 Y: 46.38 Z: 69.40) | Accl: (X: 0.08 Y: -0.22 Z: 1.08)
LSM6DSO | Gyro: (X: -96.22 Y: 46.23 Z: 69.89) | Accl: (X: 0.25 Y: -0.23 Z: 1.23)
LSM6DSO | Gyro: (X: -84.86 Y: 51.76 Z: 60.32) | Accl: (X: 0.36 Y: -0.22 Z: 1.28)
LSM6DSO | Gyro: (X: -100.69 Y: 14.85 Z: 17.99) | Accl: (X: 0.07 Y: -0.44 Z: 1.49)
LSM6DSO | Gyro: (X: -97.81 Y: 18.50 Z: 28.67) | Accl: (X: 0.06 Y: -0.53 Z: 1.66)
LSM6DSO | Gyro: (X: -85.91 Y: 25.87 Z: 39.63) | Accl: (X: 0.10 Y: -0.61 Z: 1.82)
LSM6DSO | Gyro: (X: -11.23 Y: -13.19 Z: -5.84) | Accl: (X: 0.34 Y: -0.87 Z: 2.00)
LSM6DSO | Gyro: (X: 17.63 Y: -22.87 Z: -21.27) | Accl: (X: 0.25 Y: -0.92 Z: 2.00)
LSM6DSO | Gyro: (X: 37.21 Y: -28.80 Z: -28.52) | Accl: (X: 0.17 Y: -0.95 Z: 2.00)
LSM6DSO | Gyro: (X: 118.26 Y: -56.32 Z: -30.52) | Accl: (X: 0.20 Y: -0.71 Z: 1.62)
LSM6DSO | Gyro: (X: 127.64 Y: -56.99 Z: -33.82) | Accl: (X: 0.30 Y: -0.62 Z: 1.42)
LSM6DSO | Gyro: (X: 131.51 Y: -55.83 Z: -40.57) | Accl: (X: 0.37 Y: -0.51 Z: 1.25)
LSM6DSO | Gyro: (X: 130.07 Y: -50.95 Z: -66.32) | Accl: (X: 0.15 Y: -0.14 Z: 0.86)
LSM6DSO | Gyro: (X: 130.20 Y: -47.51 Z: -61.71) | Accl: (X: 0.16 Y: -0.10 Z: 0.78)
LSM6DSO | Gyro: (X: 129.85 Y: -37.68 Z: -56.76) | Accl: (X: 0.17 Y: -0.00 Z: 0.70)
LSM6DSO | Gyro: (X: 105.23 Y: -26.85 Z: -54.73) | Accl: (X: 0.20 Y: 0.18 Z: 0.37)
LSM6DSO | Gyro: (X: 93.01 Y: -27.91 Z: -57.21) | Accl: (X: 0.17 Y: 0.23 Z: 0.36)
LSM6DSO | Gyro: (X: 85.83 Y: -32.44 Z: -56.09) | Accl: (X: 0.12 Y: 0.24 Z: 0.31)
LSM6DSO | Gyro: (X: 65.62 Y: -47.68 Z: -53.97) | Accl: (X: 0.08 Y: 0.33 Z: 0.23)
LSM6DSO | Gyro: (X: 61.53 Y: -50.99 Z: -52.12) | Accl: (X: 0.06 Y: 0.35 Z: 0.24)
LSM6DSO | Gyro: (X: 55.83 Y: -51.51 Z: -46.93) | Accl: (X: 0.05 Y: 0.38 Z: 0.20)
LSM6DSO | Gyro: (X: -24.15 Y: 6.58 Z: -7.22) | Accl: (X: -0.04 Y: 0.34 Z: 0.12)
LSM6DSO | Gyro: (X: -48.81 Y: 17.44 Z: 4.99) | Accl: (X: -0.04 Y: 0.36 Z: 0.19)
LSM6DSO | Gyro: (X: -73.16 Y: 37.44 Z: 23.83) | Accl: (X: 0.04 Y: 0.35 Z: 0.33)
LSM6DSO | Gyro: (X: -104.71 Y: 16.83 Z: 40.01) | Accl: (X: 0.22 Y: 0.22 Z: 0.99)
LSM6DSO | Gyro: (X: -76.27 Y: 5.61 Z: 34.66) | Accl: (X: 0.30 Y: 0.14 Z: 1.09)
LSM6DSO | Gyro: (X: -54.53 Y: 15.40 Z: 31.73) | Accl: (X: 0.30 Y: 0.10 Z: 1.02)
LSM6DSO | Gyro: (X: -55.58 Y: -5.17 Z: 4.57) | Accl: (X: 0.16 Y: 0.19 Z: 0.60)
LSM6DSO | Gyro: (X: -70.47 Y: 3.96 Z: 12.43) | Accl: (X: 0.08 Y: 0.19 Z: 0.61)
LSM6DSO | Gyro: (X: -82.71 Y: 12.84 Z: 23.07) | Accl: (X: 0.06 Y: 0.15 Z: 0.68)
LSM6DSO | Gyro: (X: -106.10 Y: 28.94 Z: 59.76) | Accl: (X: 0.10 Y: -0.03 Z: 0.85)
LSM6DSO | Gyro: (X: -111.05 Y: 29.53 Z: 60.82) | Accl: (X: 0.13 Y: -0.07 Z: 0.90)
LSM6DSO | Gyro: (X: -111.58 Y: 27.43 Z: 59.97) | Accl: (X: 0.16 Y: -0.11 Z: 0.94)
LSM6DSO | Gyro: (X: -125.61 Y: 24.89 Z: 54.57) | Accl: (X: 0.19 Y: -0.25 Z: 0.99)
LSM6DSO | Gyro: (X: -123.80 Y: 13.23 Z: 51.13) | Accl: (X: 0.24 Y: -0.49 Z: 1.37)
LSM6DSO | Gyro: (X: -106.74 Y: 27.61 Z: 51.54) | Accl: (X: 0.31 Y: -0.51 Z: 1.43)
LSM6DSO | Gyro: (X: -88.98 Y: 31.68 Z: 42.96) | Accl: (X: 0.38 Y: -0.48 Z: 1.41)
LSM6DSO | Gyro: (X: -79.07 Y: 10.19 Z: 18.23) | Accl: (X: 0.19 Y: -0.62 Z: 1.41)
LSM6DSO | Gyro: (X: -69.30 Y: 13.85 Z: 20.95) | Accl: (X: 0.22 Y: -0.67 Z: 1.47)
LSM6DSO | Gyro: (X: -56.10 Y: 17.18 Z: 20.57) | Accl: (X: 0.27 Y: -0.69 Z: 1.51)
LSM6DSO | Gyro: (X: -10.14 Y: -2.23 Z: -7.59) | Accl: (X: 0.24 Y: -0.76 Z: 1.41)
LSM6DSO | Gyro: (X: -3.40 Y: 4.09 Z: -8.49) | Accl: (X: 0.21 Y: -0.79 Z: 1.47)
LSM6DSO | Gyro: (X: 1.64 Y: 4.11 Z: -10.62) | Accl: (X: 0.17 Y: -0.84 Z: 1.54)
LSM6DSO | Gyro: (X: 81.87 Y: -23.47 Z: -12.24) | Accl: (X: 0.35 Y: -1.20 Z: 2.00)
LSM6DSO | Gyro: (X: 109.22 Y: -21.68 Z: -18.92) | Accl: (X: 0.45 Y: -1.19 Z: 1.95)
LSM6DSO | Gyro: (X: 141.63 Y: -29.28 Z: -38.00) | Accl: (X: 0.52 Y: -1.08 Z: 1.81)
LSM6DSO | Gyro: (X: 206.16 Y: -63.73 Z: -115.64) | Accl: (X: 0.16 Y: -0.54 Z: 0.87)
LSM6DSO | Gyro: (X: 205.54 Y: -47.24 Z: -109.34) | Accl: (X: 0.08 Y: -0.44 Z: 0.71)
LSM6DSO | Gyro: (X: 197.70 Y: -33.11 Z: -97.02) | Accl: (X: 0.02 Y: -0.28 Z: 0.54)
LSM6DSO | Gyro: (X: 144.93 Y: -40.88 Z: -74.10) | Accl: (X: 0.01 Y: 0.20 Z: 0.21)
LSM6DSO | Gyro: (X: 130.89 Y: -43.34 Z: -69.25) | Accl: (X: -0.01 Y: 0.27 Z: 0.18)
LSM6DSO | Gyro: (X: 117.31 Y: -50.03 Z: -65.19) | Accl: (X: -0.01 Y: 0.32 Z: 0.13)
LSM6DSO | Gyro: (X: 42.36 Y: -22.76 Z: -33.71) | Accl: (X: 0.07 Y: 0.43 Z: 0.11)
LSM6DSO | Gyro: (X: 27.72 Y: -13.95 Z: -27.87) | Accl: (X: 0.06 Y: 0.47 Z: 0.09)
LSM6DSO | Gyro: (X: 8.85 Y: -8.16 Z: -23.67) | Accl: (X: 0.05 Y: 0.48 Z: 0.08)
LSM6DSO | Gyro: (X: -51.77 Y: 11.67 Z: -0.89) | Accl: (X: 0.09 Y: 0.50 Z: 0.28)
LSM6DSO | Gyro: (X: -57.76 Y: 6.65 Z: 0.60) | Accl: (X: 0.12 Y: 0.47 Z: 0.30)
LSM6DSO | Gyro: (X: -65.42 Y: 11.71 Z: 3.13) | Accl: (X: 0.11 Y: 0.46 Z: 0.32)
LSM6DSO | Gyro: (X: -123.13 Y: 59.42 Z: 40.19) | Accl: (X: -0.00 Y: 0.23 Z: 0.52)
LSM6DSO | Gyro: (X: -135.30 Y: 64.15 Z: 49.94) | Accl: (X: -0.00 Y: 0.16 Z: 0.64)
LSM6DSO | Gyro: (X: -145.53 Y: 51.13 Z: 55.42) | Accl: (X: 0.03 Y: 0.10 Z: 0.78)
LSM6DSO | Gyro: (X: -111.96 Y: 40.10 Z: 51.74) | Accl: (X: 0.20 Y: -0.22 Z: 1.23)
LSM6DSO | Gyro: (X: -106.68 Y: 28.63 Z: 42.77) | Accl: (X: 0.24 Y: -0.23 Z: 1.24)
LSM6DSO | Gyro: (X: -101.10 Y: 17.87 Z: 30.85) | Accl: (X: 0.21 Y: -0.26 Z: 1.23)
LSM6DSO | Gyro: (X: -87.87 Y: 29.70 Z: 43.20) | Accl: (X: 0.17 Y: -0.50 Z: 1.51)
LSM6DSO | Gyro: (X: -75.38 Y: 33.07 Z: 43.35) | Accl: (X: 0.20 Y: -0.53 Z: 1.57)
LSM6DSO | Gyro: (X: -59.53 Y: 28.65 Z: 39.08) | Accl: (X: 0.22 Y: -0.52 Z: 1.59)
LSM6DSO | Gyro: (X: -7.82 Y: -13.33 Z: -4.19) | Accl: (X: 0.27 Y: -0.45 Z: 1.32)
LSM6DSO | Gyro: (X: -2.54 Y: -16.05 Z: -9.33) | Accl: (X: 0.23 Y: -0.42 Z: 1.24)
LSM6DSO | Gyro: (X: -0.21 Y: -17.51 Z: -11.81) | Accl: (X: 0.18 Y: -0.40 Z: 1.14)
LSM6DSO | Gyro: (X: -0.72 Y: -3.61 Z: 2.25) | Accl: (X: 0.12 Y: -0.35 Z: 1.02)
LSM6DSO | Gyro: (X: -0.82 Y: -2.84 Z: 3.04) | Accl: (X: 0.13 Y: -0.37 Z: 1.02)
LSM6DSO | Gyro: (X: -0.45 Y: -5.18 Z: 2.69) | Accl: (X: 0.14 Y: -0.37 Z: 1.03)
LSM6DSO | Gyro: (X: 3.10 Y: -8.78 Z: 5.49) | Accl: (X: 0.13 Y: -0.48 Z: 1.33)
LSM6DSO | Gyro: (X: 5.57 Y: -8.71 Z: 9.39) | Accl: (X: 0.18 Y: -0.55 Z: 1.43)
LSM6DSO | Gyro: (X: 9.98 Y: -8.15 Z: 12.96) | Accl: (X: 0.24 Y: -0.62 Z: 1.54)
LSM6DSO | Gyro: (X: 88.22 Y: -10.81 Z: -10.76) | Accl: (X: 0.58 Y: -0.88 Z: 1.96)
LSM6DSO | Gyro: (X: 126.16 Y: -19.40 Z: -34.53) | Accl: (X: 0.56 Y: -0.83 Z: 1.80)
LSM6DSO | Gyro: (X: 149.15 Y: -32.13 Z: -54.49) | Accl: (X: 0.51 Y: -0.75 Z: 1.57)
LSM6DSO | Gyro: (X: 170.62 Y: -37.64 Z: -100.30) | Accl: (X: 0.17 Y: -0.18 Z: 0.63)
LSM6DSO | Gyro: (X: 157.40 Y: -37.04 Z: -100.75) | Accl: (X: 0.08 Y: -0.07 Z: 0.53)
LSM6DSO | Gyro: (X: 147.25 Y: -29.47 Z: -95.54) | Accl: (X: -0.05 Y: 0.03 Z: 0.47)
LSM6DSO | Gyro: (X: 102.24 Y: -28.07 Z: -53.06) | Accl: (X: -0.12 Y: 0.33 Z: 0.26)
LSM6DSO | Gyro: (X: 87.65 Y: -34.33 Z: -39.79) | Accl: (X: -0.12 Y: 0.36 Z: 0.19)
LSM6DSO | Gyro: (X: 75.64 Y: -37.87 Z: -33.86) | Accl: (X: -0.02 Y: 0.39 Z: 0.20)
LSM6DSO | Gyro: (X: 50.25 Y: -32.66 Z: -28.11) | Accl: (X: 0.02 Y: 0.44 Z: 0.12)
LSM6DSO | Gyro: (X: -8.24 Y: -13.21 Z: -13.06) | Accl: (X: -0.04 Y: 0.46 Z: 0.17)
LSM6DSO | Gyro: (X: -22.50 Y: -4.59 Z: -1.75) | Accl: (X: -0.05 Y: 0.45 Z: 0.18)
LSM6DSO | Gyro: (X: -39.61 Y: 4.70 Z: 9.99) | Accl: (X: -0.00 Y: 0.43 Z: 0.22)
LSM6DSO | Gyro: (X: -95.49 Y: 51.44 Z: 36.34) | Accl: (X: 0.13 Y: 0.31 Z: 0.52)
LSM6DSO | Gyro: (X: -106.12 Y: 52.11 Z: 38.24) | Accl: (X: 0.11 Y: 0.30 Z: 0.60)
LSM6DSO | Gyro: (X: -110.46 Y: 41.76 Z: 38.25) | Accl: (X: 0.11 Y: 0.24 Z: 0.73)
LSM6DSO | Gyro: (X: -101.30 Y: 28.59 Z: 49.93) | Accl: (X: 0.18 Y: -0.09 Z: 1.10)
LSM6DSO | Gyro: (X: -99.80 Y: 34.50 Z: 54.31) | Accl: (X: 0.21 Y: -0.16 Z: 1.14)
LSM6DSO | Gyro: (X: -98.60 Y: 32.72 Z: 54.38) | Accl: (X: 0.28 Y: -0.21 Z: 1.25)
LSM6DSO | Gyro: (X: -50.87 Y: 15.63 Z: 21.79) | Accl: (X: 0.48 Y: -0.54 Z: 1.67)
LSM6DSO | Gyro: (X: -31.24 Y: 18.42 Z: 15.12) | Accl: (X: 0.54 Y: -0.55 Z: 1.69)
LSM6DSO | Gyro: (X: -13.57 Y: 14.34 Z: 4.04) | Accl: (X: 0.62 Y: -0.53 Z: 1.68)
LSM6DSO | Gyro: (X: 45.65 Y: -0.86 Z: -57.01) | Accl: (X: 0.61 Y: -0.42 Z: 1.41)
LSM6DSO | Gyro: (X: 54.88 Y: -1.27 Z: -70.49) | Accl: (X: 0.62 Y: -0.39 Z: 1.33)
LSM6DSO | Gyro: (X: 62.33 Y: -7.10 Z: -83.86) | Accl: (X: 0.57 Y: -0.34 Z: 1.27)
LSM6DSO | Gyro: (X: 76.45 Y: 1.73 Z: -116.47) | Accl: (X: 0.33 Y: -0.23 Z: 0.91)
LSM6DSO | Gyro: (X: 71.05 Y: -3.17 Z: -120.80) | Accl: (X: 0.29 Y: -0.20 Z: 0.88)
LSM6DSO | Gyro: (X: 65.14 Y: -11.46 Z: -126.29) | Accl: (X: 0.23 Y: -0.16 Z: 0.89)
LSM6DSO | Gyro: (X: 58.59 Y: -22.23 Z: -134.51) | Accl: (X: 0.14 Y: -0.02 Z: 0.82)
LSM6DSO | Gyro: (X: 52.57 Y: -20.84 Z: -133.16) | Accl: (X: 0.13 Y: 0.00 Z: 0.82)
LSM6DSO | Gyro: (X: 49.46 Y: -17.01 Z: -131.91) | Accl: (X: 0.12 Y: 0.02 Z: 0.83)
LSM6DSO | Gyro: (X: 53.31 Y: -14.63 Z: -139.21) | Accl: (X: 0.13 Y: 0.22 Z: 0.82)
LSM6DSO | Gyro: (X: 54.32 Y: -18.35 Z: -144.74) | Accl: (X: 0.10 Y: 0.26 Z: 0.77)
LSM6DSO | Gyro: (X: 52.67 Y: -28.48 Z: -151.60) | Accl: (X: 0.08 Y: 0.31 Z: 0.71)
LSM6DSO | Gyro: (X: -16.57 Y: -55.97 Z: -169.07) | Accl: (X: -0.23 Y: 0.52 Z: 0.46)
LSM6DSO | Gyro: (X: -36.16 Y: -52.34 Z: -165.60) | Accl: (X: -0.34 Y: 0.51 Z: 0.47)
LSM6DSO | Gyro: (X: -49.88 Y: -43.65 Z: -156.68) | Accl: (X: -0.44 Y: 0.53 Z: 0.52)
LSM6DSO | Gyro: (X: -112.42 Y: -59.77 Z: -46.63) | Accl: (X: -0.76 Y: 0.21 Z: 0.90)
LSM6DSO | Gyro: (X: -105.16 Y: -43.10 Z: -7.95) | Accl: (X: -0.63 Y: 0.10 Z: 1.01)
LSM6DSO | Gyro: (X: -98.41 Y: -27.55 Z: 16.51) | Accl: (X: -0.51 Y: 0.10 Z: 1.04)
LSM6DSO | Gyro: (X: -66.32 Y: -18.59 Z: 66.16) | Accl: (X: 0.04 Y: 0.10 Z: 1.02)
LSM6DSO | Gyro: (X: -60.52 Y: 2.48 Z: 68.29) | Accl: (X: 0.18 Y: 0.12 Z: 0.95)
LSM6DSO | Gyro: (X: -64.43 Y: 6.53 Z: 60.42) | Accl: (X: 0.25 Y: 0.12 Z: 0.89)
LSM6DSO | Gyro: (X: -74.72 Y: 11.91 Z: 48.88) | Accl: (X: 0.19 Y: -0.05 Z: 0.92)
LSM6DSO | Gyro: (X: -75.78 Y: 29.50 Z: 55.85) | Accl: (X: 0.20 Y: -0.13 Z: 0.92)
LSM6DSO | Gyro: (X: -75.65 Y: 46.72 Z: 58.77) | Accl: (X: 0.20 Y: -0.18 Z: 0.90)
LSM6DSO | Gyro: (X: -86.20 Y: 11.07 Z: 23.80) | Accl: (X: 0.20 Y: -0.42 Z: 1.23)
LSM6DSO | Gyro: (X: -72.79 Y: -16.05 Z: 9.03) | Accl: (X: 0.13 Y: -0.46 Z: 1.26)
LSM6DSO | Gyro: (X: -59.71 Y: -20.59 Z: 8.31) | Accl: (X: 0.12 Y: -0.45 Z: 1.30)
LSM6DSO | Gyro: (X: -38.79 Y: 17.41 Z: 32.96) | Accl: (X: 0.23 Y: -0.44 Z: 1.01)
LSM6DSO | Gyro: (X: -38.96 Y: 14.13 Z: 25.10) | Accl: (X: 0.35 Y: -0.40 Z: 1.07)
LSM6DSO | Gyro: (X: -35.44 Y: 4.55 Z: 7.64) | Accl: (X: 0.38 Y: -0.39 Z: 1.05)
LSM6DSO | Gyro: (X: -23.73 Y: -8.62 Z: -36.22) | Accl: (X: 0.06 Y: -0.53 Z: 1.26)
LSM6DSO | Gyro: (X: -11.31 Y: -11.66 Z: -34.76) | Accl: (X: -0.01 Y: -0.54 Z: 1.25)
LSM6DSO | Gyro: (X: -5.46 Y: -19.22 Z: -30.49) | Accl: (X: -0.07 Y: -0.55 Z: 1.22)
LSM6DSO | Gyro: (X: 14.13 Y: -6.03 Z: 12.89) | Accl: (X: -0.05 Y: -0.45 Z: 1.13)
LSM6DSO | Gyro: (X: 18.13 Y: -4.00 Z: 17.91) | Accl: (X: -0.00 Y: -0.43 Z: 1.10)
LSM6DSO | Gyro: (X: 18.35 Y: -6.93 Z: 20.01) | Accl: (X: 0.03 Y: -0.40 Z: 0.99)
LSM6DSO | Gyro: (X: -19.29 Y: 16.23 Z: 25.01) | Accl: (X: 0.14 Y: -0.37 Z: 0.74)
LSM6DSO | Gyro: (X: -31.56 Y: -6.42 Z: 19.67) | Accl: (X: 0.18 Y: -0.36 Z: 0.80)
LSM6DSO | Gyro: (X: -33.84 Y: -12.41 Z: 12.99) | Accl: (X: 0.22 Y: -0.38 Z: 0.87)
LSM6DSO | Gyro: (X: -21.60 Y: 21.89 Z: -11.98) | Accl: (X: 0.09 Y: -0.45 Z: 0.81)
LSM6DSO | Gyro: (X: -30.51 Y: 18.72 Z: -11.23) | Accl: (X: 0.09 Y: -0.45 Z: 0.81)
LSM6DSO | Gyro: (X: -34.36 Y: 17.65 Z: -9.89) | Accl: (X: 0.11 Y: -0.45 Z: 0.86)
LSM6DSO | Gyro: (X: 68.42 Y: 22.65 Z: -16.56) | Accl: (X: 0.13 Y: -0.58 Z: 1.50)
LSM6DSO | Gyro: (X: 61.56 Y: 72.75 Z: -11.47) | Accl: (X: 0.17 Y: -0.14 Z: 0.85)
LSM6DSO | Gyro: (X: 52.30 Y: 89.74 Z: -10.13) | Accl: (X: 0.11 Y: -0.41 Z: 0.74)
LSM6DSO | Gyro: (X: 79.72 Y: 21.17 Z: -9.06) | Accl: (X: 0.02 Y: -0.22 Z: 0.94)
LSM6DSO | Gyro: (X: 90.40 Y: 5.85 Z: -8.32) | Accl: (X: -0.02 Y: -0.27 Z: 0.91)
LSM6DSO | Gyro: (X: 99.33 Y: -12.29 Z: -9.41) | Accl: (X: -0.11 Y: -0.39 Z: 0.83)
LSM6DSO | Gyro: (X: 85.00 Y: -51.42 Z: 3.66) | Accl: (X: -0.16 Y: -0.26 Z: 1.02)
LSM6DSO | Gyro: (X: 72.67 Y: -67.14 Z: -3.21) | Accl: (X: -0.09 Y: -0.16 Z: 1.04)
LSM6DSO | Gyro: (X: 59.81 Y: -78.29 Z: -7.80) | Accl: (X: 0.00 Y: -0.19 Z: 1.24)
LSM6DSO | Gyro: (X: 26.39 Y: 39.45 Z: -18.40) | Accl: (X: 0.01 Y: -0.10 Z: 0.90)
LSM6DSO | Gyro: (X: 20.74 Y: 54.42 Z: -15.70) | Accl: (X: 0.00 Y: -0.07 Z: 1.01)
LSM6DSO | Gyro: (X: 20.95 Y: 45.48 Z: -10.57) | Accl: (X: -0.04 Y: -0.11 Z: 1.07)
LSM6DSO | Gyro: (X: 35.19 Y: 12.29 Z: -1.27) | Accl: (X: -0.01 Y: -0.07 Z: 1.04)
LSM6DSO | Gyro: (X: 23.62 Y: 7.49 Z: -1.23) | Accl: (X: -0.05 Y: -0.03 Z: 0.98)
LSM6DSO | Gyro: (X: 10.89 Y: 2.77 Z: -1.25) | Accl: (X: -0.06 Y: -0.04 Z: 1.00)
LSM6DSO | Gyro: (X: 16.16 Y: -1.01 Z: 13.08) | Accl: (X: 0.04 Y: 0.27 Z: 0.87)
LSM6DSO | Gyro: (X: -1.29 Y: 1.19 Z: 6.76) | Accl: (X: 0.03 Y: 0.14 Z: 0.95)
LSM6DSO | Gyro: (X: -4.51 Y: -1.46 Z: 0.79) | Accl: (X: 0.00 Y: 0.09 Z: 1.07)
LSM6DSO | Gyro: (X: -11.66 Y: -24.67 Z: -4.22) | Accl: (X: 0.09 Y: 0.07 Z: 1.03)
LSM6DSO | Gyro: (X: -18.20 Y: -26.81 Z: -6.67) | Accl: (X: -0.01 Y: -0.06 Z: 0.91)
LSM6DSO | Gyro: (X: -44.69 Y: -25.45 Z: -14.38) | Accl: (X: 0.02 Y: -0.26 Z: 0.95)
LSM6DSO | Gyro: (X: -0.94 Y: 5.74 Z: 4.29) | Accl: (X: -0.08 Y: -0.05 Z: 1.01)
LSM6DSO | Gyro: (X: -14.92 Y: -8.48 Z: -6.76) | Accl: (X: -0.09 Y: -0.15 Z: 1.00)
LSM6DSO | Gyro: (X: -22.26 Y: -2.48 Z: -2.45) | Accl: (X: -0.03 Y: -0.15 Z: 1.06)
LSM6DSO | Gyro: (X: -24.54 Y: -6.09 Z: -2.79) | Accl: (X: 0.01 Y: -0.30 Z: 1.33)
LSM6DSO | Gyro: (X: 7.25 Y: -7.65 Z: -4.40) | Accl: (X: 0.01 Y: -0.10 Z: 0.94)
LSM6DSO | Gyro: (X: 16.77 Y: 0.24 Z: -6.88) | Accl: (X: -0.01 Y: -0.10 Z: 0.97)
LSM6DSO | Gyro: (X: 22.21 Y: -2.51 Z: -6.76) | Accl: (X: -0.01 Y: -0.11 Z: 1.01)
LSM6DSO | Gyro: (X: 39.78 Y: 3.61 Z: 0.62) | Accl: (X: 0.03 Y: -0.08 Z: 1.03)
LSM6DSO | Gyro: (X: 16.20 Y: 56.92 Z: 1.83) | Accl: (X: 0.07 Y: 0.19 Z: 0.85)
LSM6DSO | Gyro: (X: 15.24 Y: 80.04 Z: 4.59) | Accl: (X: -0.44 Y: 0.25 Z: 0.76)
LSM6DSO | Gyro: (X: 2.67 Y: -1.25 Z: -1.39) | Accl: (X: -0.05 Y: -0.04 Z: 1.02)
LSM6DSO | Gyro: (X: 2.56 Y: -1.41 Z: -1.14) | Accl: (X: -0.03 Y: -0.04 Z: 1.04)
LSM6DSO | Gyro: (X: 2.30 Y: -1.67 Z: -1.15) | Accl: (X: -0.03 Y: -0.04 Z: 1.03)
LSM6DSO | Gyro: (X: 2.60 Y: -1.54 Z: -1.28) | Accl: (X: -0.02 Y: -0.04 Z: 1.02)
LSM6DSO | Gyro: (X: 2.77 Y: -1.64 Z: -1.27) | Accl: (X: -0.02 Y: -0.04 Z: 1.03)
LSM6DSO | Gyro: (X: 2.63 Y: -1.49 Z: -1.26) | Accl: (X: -0.04 Y: -0.04 Z: 1.03)
LSM6DSO | Gyro: (X: 2.62 Y: -1.66 Z: -1.31) | Accl: (X: -0.03 Y: -0.05 Z: 1.03)
LSM6DSO | Gyro: (X: 2.56 Y: -1.59 Z: -1.32) | Accl: (X: -0.04 Y: -0.04 Z: 1.02)
LSM6DSO | Gyro: (X: 2.66 Y: -1.40 Z: -1.30) | Accl: (X: -0.03 Y: -0.04 Z: 1.02)
LSM6DSO | Gyro: (X: 2.67 Y: -1.53 Z: -1.40) | Accl: (X: -0.03 Y: -0.04 Z: 1.03)
LSM6DSO | Gyro: (X: 2.73 Y: -1.49 Z: -1.29) | Accl: (X: -0.03 Y: -0.04 Z: 1.03)
LSM6DSO | Gyro: (X: 2.50 Y: -1.48 Z: -1.29) | Accl: (X: -0.03 Y: -0.05 Z: 1.03)
LSM6DSO | Gyro: (X: 2.71 Y: -1.58 Z: -1.38) | Accl: (X: -0.03 Y: -0.04 Z: 1.03)
LSM6DSO | Gyro: (X: 2.74 Y: -1.59 Z: -1.33) | Accl: (X: -0.03 Y: -0.04 Z: 1.03)
LSM6DSO | Gyro: (X: 2.65 Y: -1.41 Z: -1.29) | Accl: (X: -0.03 Y: -0.04 Z: 1.03)
LSM6DSO | Gyro: (X: 2.74 Y: -1.66 Z: -1.35) | Accl: (X: -0.03 Y: -0.04 Z: 1.03)
LSM6DSO | Gyro: (X: 2.62 Y: -1.58 Z: -1.30) | Accl: (X: -0.03 Y: -0.04 Z: 1.02)
LSM6DSO | Gyro: (X: 2.62 Y: -1.39 Z: -1.26) | Accl: (X: -0.03 Y: -0.04 Z: 1.02)
LSM6DSO | Gyro: (X: 2.69 Y: -1.68 Z: -1.36) | Accl: (X: -0.03 Y: -0.04 Z: 1.02)
LSM6DSO | Gyro: (X: 2.61 Y: -1.46 Z: -1.27) | Accl: (X: -0.03 Y: -0.04 Z: 1.03)
LSM6DSO | Gyro: (X: 2.62 Y: -1.43 Z: -1.31) | Accl: (X: -0.03 Y: -0.04 Z: 1.03)
LSM6DSO | Gyro: (X: 2.60 Y: -1.47 Z: -1.31) | Accl: (X: -0.03 Y: -0.04 Z: 1.03)
LSM6DSO | Gyro: (X: 2.59 Y: -1.51 Z: -1.32) | Accl: (X: -0.03 Y: -0.04 Z: 1.03)
LSM6DSO | Gyro: (X: 2.60 Y: -1.50 Z: -1.34) | Accl: (X: -0.03 Y: -0.04 Z: 1.03)
LSM6DSO | Gyro: (X: 2.61 Y: -1.51 Z: -1.30) | Accl: (X: -0.03 Y: -0.04 Z: 1.03)
LSM6DSO | Gyro: (X: 2.58 Y: -1.44 Z: -1.30) | Accl: (X: -0.03 Y: -0.04 Z: 1.03)
LSM6DSO | Gyro: (X: 2.60 Y: -1.46 Z: -1.33) | Accl: (X: -0.03 Y: -0.04 Z: 1.03)
LSM6DSO | Gyro: (X: 2.62 Y: -1.51 Z: -1.23) | Accl: (X: -0.03 Y: -0.04 Z: 1.03)
LSM6DSO | Gyro: (X: 2.58 Y: -1.46 Z: -1.31) | Accl: (X: -0.03 Y: -0.04 Z: 1.03)
LSM6DSO | Gyro: (X: 2.56 Y: -1.50 Z: -1.31) | Accl: (X: -0.03 Y: -0.04 Z: 1.03)
LSM6DSO | Gyro: (X: 2.65 Y: -1.57 Z: -1.29) | Accl: (X: -0.03 Y: -0.04 Z: 1.02)
LSM6DSO | Gyro: (X: 2.55 Y: -1.43 Z: -1.27) | Accl: (X: -0.03 Y: -0.04 Z: 1.03)
LSM6DSO | Gyro: (X: 2.59 Y: -1.47 Z: -1.35) | Accl: (X: -0.03 Y: -0.04 Z: 1.03)
LSM6DSO | Gyro: (X: 2.63 Y: -1.60 Z: -1.33) | Accl: (X: -0.03 Y: -0.04 Z: 1.02)
LSM6DSO | Gyro: (X: 2.62 Y: -1.50 Z: -1.37) | Accl: (X: -0.03 Y: -0.04 Z: 1.03)
LSM6DSO | Gyro: (X: 2.68 Y: -1.50 Z: -1.31) | Accl: (X: -0.03 Y: -0.04 Z: 1.03)
LSM6DSO | Gyro: (X: 2.56 Y: -1.50 Z: -1.35) | Accl: (X: -0.03 Y: -0.04 Z: 1.03)
LSM6DSO | Gyro: (X: 2.64 Y: -1.48 Z: -1.36) | Accl: (X: -0.03 Y: -0.04 Z: 1.03)
LSM6DSO | Gyro: (X: 2.64 Y: -1.56 Z: -1.34) | Accl: (X: -0.03 Y: -0.04 Z: 1.03)
LSM6DSO | Gyro: (X: 2.63 Y: -1.47 Z: -1.24) | Accl: (X: -0.03 Y: -0.04 Z: 1.03)
LSM6DSO | Gyro: (X: 2.54 Y: -1.39 Z: -1.32) | Accl: (X: -0.03 Y: -0.04 Z: 1.02)
LSM6DSO | Gyro: (X: 2.66 Y: -1.60 Z: -1.31) | Accl: (X: -0.03 Y: -0.04 Z: 1.03)
LSM6DSO | Gyro: (X: 2.63 Y: -1.50 Z: -1.29) | Accl: (X: -0.03 Y: -0.04 Z: 1.03)
LSM6DSO | Gyro: (X: 2.59 Y: -1.50 Z: -1.29) | Accl: (X: -0.03 Y: -0.04 Z: 1.03)
LSM6DSO | Gyro: (X: 2.66 Y: -1.59 Z: -1.30) | Accl: (X: -0.03 Y: -0.04 Z: 1.03)
LSM6DSO | Gyro: (X: 2.56 Y: -1.34 Z: -1.30) | Accl: (X: -0.03 Y: -0.04 Z: 1.03)
LSM6DSO | Gyro: (X: 2.58 Y: -1.47 Z: -1.32) | Accl: (X: -0.03 Y: -0.04 Z: 1.03)
LSM6DSO | Gyro: (X: 2.75 Y: -1.64 Z: -1.32) | Accl: (X: -0.03 Y: -0.04 Z: 1.03)
LSM6DSO | Gyro: (X: 2.62 Y: -1.43 Z: -1.29) | Accl: (X: -0.03 Y: -0.04 Z: 1.02)
LSM6DSO | Gyro: (X: 2.64 Y: -1.41 Z: -1.31) | Accl: (X: -0.03 Y: -0.04 Z: 1.03)
LSM6DSO | Gyro: (X: 2.62 Y: -1.50 Z: -1.27) | Accl: (X: -0.03 Y: -0.04 Z: 1.03)
LSM6DSO | Gyro: (X: 2.59 Y: -1.41 Z: -1.32) | Accl: (X: -0.03 Y: -0.04 Z: 1.02)
LSM6DSO | Gyro: (X: 2.62 Y: -1.48 Z: -1.35) | Accl: (X: -0.03 Y: -0.04 Z: 1.02)
LSM6DSO | Gyro: (X: 2.71 Y: -1.55 Z: -1.30) | Accl: (X: -0.03 Y: -0.04 Z: 1.03)
LSM6DSO | Gyro: (X: 2.67 Y: -1.54 Z: -1.30) | Accl: (X: -0.03 Y: -0.04 Z: 1.03)
LSM6DSO | Gyro: (X: 2.62 Y: -1.43 Z: -1.34) | Accl: (X: -0.03 Y: -0.04 Z: 1.02)
LSM6DSO | Gyro: (X: 2.67 Y: -1.60 Z: -1.26) | Accl: (X: -0.03 Y: -0.04 Z: 1.03)
LSM6DSO | Gyro: (X: 2.61 Y: -1.56 Z: -1.28) | Accl: (X: -0.03 Y: -0.04 Z: 1.02)
LSM6DSO | Gyro: (X: 2.56 Y: -1.52 Z: -1.32) | Accl: (X: -0.03 Y: -0.04 Z: 1.03)
LSM6DSO | Gyro: (X: 2.62 Y: -1.54 Z: -1.32) | Accl: (X: -0.03 Y: -0.04 Z: 1.03)
LSM6DSO | Gyro: (X: 2.57 Y: -1.45 Z: -1.28) | Accl: (X: -0.03 Y: -0.04 Z: 1.02)
LSM6DSO | Gyro: (X: 2.58 Y: -1.44 Z: -1.34) | Accl: (X: -0.03 Y: -0.04 Z: 1.03)
LSM6DSO | Gyro: (X: 2.65 Y: -1.62 Z: -1.36) | Accl: (X: -0.03 Y: -0.04 Z: 1.03)
LSM6DSO | Gyro: (X: 2.58 Y: -1.48 Z: -1.29) | Accl: (X: -0.03 Y: -0.04 Z: 1.03)
LSM6DSO | Gyro: (X: 2.69 Y: -1.54 Z: -1.38) | Accl: (X: -0.03 Y: -0.04 Z: 1.03)
LSM6DSO | Gyro: (X: 2.59 Y: -1.58 Z: -1.33) | Accl: (X: -0.03 Y: -0.04 Z: 1.03)
LSM6DSO | Gyro: (X: 2.57 Y: -1.46 Z: -1.31) | Accl: (X: -0.03 Y: -0.04 Z: 1.03)
LSM6DSO | Gyro: (X: 2.59 Y: -1.48 Z: -1.34) | Accl: (X: -0.03 Y: -0.04 Z: 1.03)
LSM6DSO | Gyro: (X: 2.71 Y: -1.69 Z: -1.31) | Accl: (X: -0.03 Y: -0.04 Z: 1.03)
LSM6DSO | Gyro: (X: 2.60 Y: -1.50 Z: -1.23) | Accl: (X: -0.03 Y: -0.04 Z: 1.03)
LSM6DSO | Gyro: (X: 2.63 Y: -1.54 Z: -1.27) | Accl: (X: -0.03 Y: -0.04 Z: 1.03)
LSM6DSO | Gyro: (X: 2.73 Y: -1.59 Z: -1.32) | Accl: (X: -0.03 Y: -0.04 Z: 1.03)
LSM6DSO | Gyro: (X: 2.61 Y: -1.37 Z: -1.24) | Accl: (X: -0.03 Y: -0.04 Z: 1.03)
LSM6DSO | Gyro: (X: 2.57 Y: -1.48 Z: -1.34) | Accl: (X: -0.03 Y: -0.04 Z: 1.03)
LSM6DSO | Gyro: (X: 2.65 Y: -1.57 Z: -1.36) | Accl: (X: -0.03 Y: -0.04 Z: 1.03)
LSM6DSO | Gyro: (X: 2.62 Y: -1.50 Z: -1.28) | Accl: (X: -0.03 Y: -0.04 Z: 1.03)
LSM6DSO | Gyro: (X: 2.59 Y: -1.54 Z: -1.29) | Accl: (X: -0.03 Y: -0.04 Z: 1.03)
LSM6DSO | Gyro: (X: 2.77 Y: -1.51 Z: -1.33) | Accl: (X: -0.03 Y: -0.04 Z: 1.03)
LSM6DSO | Gyro: (X: 2.55 Y: -1.36 Z: -1.27) | Accl: (X: -0.03 Y: -0.04 Z: 1.03)
LSM6DSO | Gyro: (X: 2.60 Y: -1.51 Z: -1.32) | Accl: (X: -0.03 Y: -0.04 Z: 1.03)
LSM6DSO | Gyro: (X: 2.69 Y: -1.57 Z: -1.27) | Accl: (X: -0.03 Y: -0.04 Z: 1.03)
LSM6DSO | Gyro: (X: 2.59 Y: -1.48 Z: -1.32) | Accl: (X: -0.03 Y: -0.04 Z: 1.03)
LSM6DSO | Gyro: (X: 2.65 Y: -1.58 Z: -1.42) | Accl: (X: -0.03 Y: -0.04 Z: 1.03)
LSM6DSO | Gyro: (X: 2.75 Y: -1.60 Z: -1.35) | Accl: (X: -0.03 Y: -0.04 Z: 1.03)
LSM6DSO | Gyro: (X: 2.67 Y: -1.43 Z: -1.29) | Accl: (X: -0.03 Y: -0.04 Z: 1.03)
LSM6DSO | Gyro: (X: 2.62 Y: -1.60 Z: -1.31) | Accl: (X: -0.03 Y: -0.04 Z: 1.03)
LSM6DSO | Gyro: (X: 2.61 Y: -1.56 Z: -1.29) | Accl: (X: -0.03 Y: -0.04 Z: 1.03)
LSM6DSO | Gyro: (X: 2.61 Y: -1.43 Z: -1.32) | Accl: (X: -0.03 Y: -0.04 Z: 1.03)
LSM6DSO | Gyro: (X: 2.62 Y: -1.50 Z: -1.34) | Accl: (X: -0.03 Y: -0.04 Z: 1.03)
LSM6DSO | Gyro: (X: 2.66 Y: -1.63 Z: -1.23) | Accl: (X: -0.03 Y: -0.04 Z: 1.03)
LSM6DSO | Gyro: (X: 2.59 Y: -1.46 Z: -1.34) | Accl: (X: -0.03 Y: -0.04 Z: 1.03)
LSM6DSO | Gyro: (X: 2.64 Y: -1.56 Z: -1.37) | Accl: (X: -0.03 Y: -0.04 Z: 1.03)
LSM6DSO | Gyro: (X: 2.72 Y: -1.56 Z: -1.25) | Accl: (X: -0.03 Y: -0.04 Z: 1.03)
LSM6DSO | Gyro: (X: 2.56 Y: -1.50 Z: -1.26) | Accl: (X: -0.03 Y: -0.04 Z: 1.02)
LSM6DSO | Gyro: (X: 2.67 Y: -1.57 Z: -1.29) | Accl: (X: -0.03 Y: -0.04 Z: 1.03)
LSM6DSO | Gyro: (X: 2.69 Y: -1.65 Z: -1.31) | Accl: (X: -0.03 Y: -0.04 Z: 1.03)
LSM6DSO | Gyro: (X: 2.66 Y: -1.54 Z: -1.28) | Accl: (X: -0.03 Y: -0.04 Z: 1.03)
LSM6DSO | Gyro: (X: 2.64 Y: -1.60 Z: -1.39) | Accl: (X: -0.03 Y: -0.04 Z: 1.03)
LSM6DSO | Gyro: (X: 2.68 Y: -1.52 Z: -1.31) | Accl: (X: -0.03 Y: -0.04 Z: 1.03)
LSM6DSO | Gyro: (X: 2.51 Y: -1.49 Z: -1.31) | Accl: (X: -0.03 Y: -0.04 Z: 1.02)
LSM6DSO | Gyro: (X: 2.70 Y: -1.64 Z: -1.37) | Accl: (X: -0.03 Y: -0.04 Z: 1.03)
LSM6DSO | Gyro: (X: 2.65 Y: -1.43 Z: -1.23) | Accl: (X: -0.03 Y: -0.04 Z: 1.03)
LSM6DSO | Gyro: (X: 2.63 Y: -1.58 Z: -1.36) | Accl: (X: -0.03 Y: -0.04 Z: 1.03)
LSM6DSO | Gyro: (X: 2.68 Y: -1.59 Z: -1.27) | Accl: (X: -0.03 Y: -0.04 Z: 1.03)
LSM6DSO | Gyro: (X: 2.62 Y: -1.51 Z: -1.24) | Accl: (X: -0.03 Y: -0.04 Z: 1.03)
LSM6DSO | Gyro: (X: 2.63 Y: -1.58 Z: -1.32) | Accl: (X: -0.03 Y: -0.04 Z: 1.02)